start_id,end_id,type,source_id
1,2,TARGETS,591
5,3,TARGETS,593
5,4,TARGETS,593
8,4,TARGETS,596
8,7,TARGETS,596
9,10,WORSENED_BY,597
11,10,TARGETS,597
9,12,WORSENED_BY,600
14,10,TARGETS,603
14,13,TARGETS,603
15,10,TARGETS,603
16,10,TARGETS,603
9,10,WORSENED_BY,606
17,10,ALLEVIATES,606
9,13,WORSENED_BY,609
17,9,ALLEVIATES,609
18,9,ALLEVIATES,610
14,13,TARGETS,611
14,19,TARGETS,611
14,10,TARGETS,615
14,22,TARGETS,615
23,10,ALLEVIATES,615
14,3,TARGETS,616
23,3,ALLEVIATES,616
14,26,TARGETS,617
14,6,TARGETS,617
23,25,ALLEVIATES,619
17,3,TARGETS,621
28,3,TARGETS,621
30,29,TARGETS,622
14,3,TARGETS,623
31,3,TARGETS,623
23,10,ALLEVIATES,632
23,25,ALLEVIATES,633
23,13,ALLEVIATES,635
9,25,WORSENED_BY,638
32,10,TRIGGERED_BY,639
9,23,TARGETS,641
23,10,TARGETS,645
9,10,WORSENED_BY,646
33,10,TARGETS,650
14,10,TARGETS,650
9,10,WORSENED_BY,651
11,10,TARGETS,651
34,36,TARGETS,652
34,13,TARGETS,652
34,37,TARGETS,652
38,34,TARGETS,652
39,10,TARGETS,652
33,34,TARGETS,652
34,40,TARGETS,653
34,41,TARGETS,653
28,10,ALLEVIATES,654
14,13,TARGETS,655
42,9,TRIGGERED_BY,656
43,9,TRIGGERED_BY,656
38,10,ALLEVIATES,656
9,44,TARGETS,657
28,9,ALLEVIATES,657
45,9,ALLEVIATES,657
44,10,TARGETS,658
45,10,ALLEVIATES,658
46,47,TRIGGERED_BY,659
46,34,WORSENED_BY,659
23,10,ALLEVIATES,662
14,10,TARGETS,669
14,3,TARGETS,675
14,50,TARGETS,681
52,50,TARGETS,681
53,50,TARGETS,681
9,21,WORSENED_BY,682
14,6,TARGETS,683
20,26,TRIGGERED_BY,684
20,27,TRIGGERED_BY,684
20,6,TRIGGERED_BY,685
6,19,WORSENED_BY,687
3,56,TRIGGERED_BY,689
9,10,WORSENED_BY,691
14,10,TARGETS,691
14,20,TARGETS,693
23,59,ALLEVIATES,693
14,59,TARGETS,694
23,10,ALLEVIATES,694
14,9,TARGETS,696
23,9,ALLEVIATES,698
14,3,TARGETS,700
9,10,WORSENED_BY,2
8,10,TARGETS,2
17,10,TARGETS,2
60,10,TARGETS,4
8,6,TARGETS,6
23,6,TARGETS,6
62,6,TARGETS,9
63,64,WORSENED_BY,12
65,64,TARGETS,12
66,64,TARGETS,12
63,21,WORSENED_BY,13
60,21,TARGETS,13
69,67,TARGETS,14
70,68,TARGETS,14
71,10,WORSENED_BY,15
71,72,WORSENED_BY,15
23,10,TARGETS,15
73,72,TARGETS,15
74,10,TARGETS,15
14,4,TARGETS,16
14,75,TARGETS,16
23,4,TARGETS,16
23,75,TARGETS,16
76,4,TARGETS,16
76,75,TARGETS,16
77,4,TARGETS,16
77,75,TARGETS,16
79,78,TARGETS,17
80,81,WORSENED_BY,18
79,81,TARGETS,18
66,81,TARGETS,18
20,3,TRIGGERED_BY,19
20,21,WORSENED_BY,19
82,3,TARGETS,19
82,21,TARGETS,19
63,68,WORSENED_BY,20
63,83,WORSENED_BY,20
79,68,TARGETS,20
79,83,TARGETS,20
52,6,TARGETS,24
52,85,TARGETS,24
86,59,TARGETS,26
23,87,TARGETS,28
88,87,TARGETS,28
89,10,TRIGGERED_BY,29
89,13,TRIGGERED_BY,29
38,10,ALLEVIATES,29
38,25,ALLEVIATES,29
38,87,TARGETS,29
33,90,TARGETS,30
91,90,TARGETS,30
92,90,TARGETS,30
76,90,TARGETS,30
92,25,TARGETS,30
76,25,TARGETS,30
17,94,TARGETS,32
77,94,TARGETS,32
5,94,TARGETS,32
9,94,WORSENED_BY,32
32,94,WORSENED_BY,32
23,9,ALLEVIATES,33
23,10,ALLEVIATES,33
77,3,TARGETS,34
95,3,TARGETS,34
17,10,ALLEVIATES,36
17,13,ALLEVIATES,36
97,3,TARGETS,36
97,10,TARGETS,36
97,13,TARGETS,36
32,3,TRIGGERED_BY,37
52,21,TARGETS,38
52,98,TARGETS,38
52,99,TARGETS,38
17,21,ALLEVIATES,38
17,98,ALLEVIATES,38
17,99,ALLEVIATES,38
8,4,TARGETS,39
8,75,TARGETS,39
8,34,TARGETS,39
100,4,TARGETS,40
100,48,TARGETS,40
100,27,TARGETS,40
100,10,TARGETS,40
3,4,TARGETS,41
3,10,TARGETS,41
20,4,TRIGGERED_BY,42
20,10,TRIGGERED_BY,42
10,22,TARGETS,43
101,22,ALLEVIATES,43
17,22,ALLEVIATES,43
9,10,TARGETS,45
17,10,ALLEVIATES,46
32,10,TRIGGERED_BY,47
20,3,TRIGGERED_BY,51
9,10,WORSENED_BY,52
14,10,TARGETS,52
23,10,TARGETS,52
23,3,TARGETS,55
14,3,TARGETS,55
20,10,TRIGGERED_BY,56
14,6,TARGETS,57
14,102,TARGETS,57
14,103,TARGETS,58
14,25,TARGETS,59
23,25,TARGETS,59
33,10,TARGETS,64
105,10,TARGETS,64
23,9,ALLEVIATES,65
65,19,ALLEVIATES,69
69,9,TARGETS,70
107,13,TARGETS,73
108,13,TARGETS,73
33,13,TARGETS,73
91,13,TARGETS,73
17,65,TARGETS,74
97,65,TARGETS,74
14,65,TARGETS,74
109,9,WORSENED_BY,75
17,9,TARGETS,75
28,9,TARGETS,75
45,9,TARGETS,75
111,110,TARGETS,76
111,48,TARGETS,76
9,112,WORSENED_BY,77
32,112,WORSENED_BY,77
113,112,WORSENED_BY,77
17,112,TARGETS,77
114,112,TARGETS,77
15,112,TARGETS,77
115,48,TARGETS,78
115,4,TARGETS,78
61,118,TARGETS,79
31,116,TARGETS,79
119,117,TARGETS,79
120,47,TARGETS,80
121,48,TARGETS,80
9,10,WORSENED_BY,81
65,10,TARGETS,81
23,10,TARGETS,81
20,122,WORSENED_BY,82
20,6,WORSENED_BY,82
32,122,TRIGGERED_BY,82
8,122,TARGETS,82
8,6,TARGETS,82
52,122,TARGETS,82
52,6,TARGETS,82
9,47,WORSENED_BY,83
9,21,WORSENED_BY,84
9,116,WORSENED_BY,84
9,123,WORSENED_BY,84
92,116,TARGETS,84
28,116,TARGETS,84
23,2,TARGETS,87
101,2,TARGETS,87
92,2,TARGETS,87
101,10,TARGETS,87
92,10,TARGETS,87
15,2,TARGETS,87
9,6,WORSENED_BY,90
124,10,WORSENED_BY,91
124,34,WORSENED_BY,91
28,10,ALLEVIATES,91
45,10,ALLEVIATES,91
17,10,ALLEVIATES,91
126,125,TRIGGERED_BY,92
127,125,TARGETS,92
128,125,TARGETS,92
130,129,TRIGGERED_BY,93
108,129,TARGETS,93
15,129,TARGETS,93
131,129,TARGETS,93
18,10,ALLEVIATES,95
133,29,ALLEVIATES,96
133,7,ALLEVIATES,96
9,56,WORSENED_BY,97
134,56,ALLEVIATES,97
135,56,ALLEVIATES,97
136,56,ALLEVIATES,97
65,137,ALLEVIATES,98
138,21,ALLEVIATES,99
140,139,TRIGGERED_BY,100
9,139,WORSENED_BY,100
141,139,WORSENED_BY,100
23,10,ALLEVIATES,103
92,10,ALLEVIATES,103
28,10,ALLEVIATES,103
18,10,ALLEVIATES,103
14,10,TARGETS,103
32,47,TRIGGERED_BY,104
3,10,WORSENED_BY,105
9,10,WORSENED_BY,105
23,9,ALLEVIATES,105
92,9,ALLEVIATES,105
28,9,ALLEVIATES,105
23,13,TARGETS,109
92,13,TARGETS,109
28,13,TARGETS,109
14,13,TARGETS,109
20,47,WORSENED_BY,110
11,47,ALLEVIATES,110
23,47,ALLEVIATES,110
143,47,ALLEVIATES,110
9,10,WORSENED_BY,112
76,10,ALLEVIATES,112
92,10,ALLEVIATES,112
38,10,ALLEVIATES,112
20,3,TARGETS,115
3,10,WORSENED_BY,115
10,144,TARGETS,117
47,10,TARGETS,118
145,10,ALLEVIATES,118
17,10,ALLEVIATES,119
93,146,WORSENED_BY,122
85,146,WORSENED_BY,122
21,146,WORSENED_BY,122
10,148,WORSENED_BY,124
10,149,WORSENED_BY,124
3,4,TARGETS,128
3,10,TARGETS,128
14,4,TARGETS,128
14,10,TARGETS,128
9,10,TRIGGERED_BY,130
9,48,TRIGGERED_BY,130
14,48,TARGETS,130
33,10,TARGETS,130
153,32,TRIGGERED_BY,131
14,32,TARGETS,131
9,97,TARGETS,133
20,3,TRIGGERED_BY,137
9,10,WORSENED_BY,139
154,10,TARGETS,139
23,10,TARGETS,139
14,3,TARGETS,141
23,13,TARGETS,142
9,156,WORSENED_BY,144
23,10,ALLEVIATES,145
23,9,ALLEVIATES,146
9,10,WORSENED_BY,148
97,84,TARGETS,152
158,84,TARGETS,152
119,3,TARGETS,154
31,3,TARGETS,154
158,6,TARGETS,155
158,4,TARGETS,155
158,48,TARGETS,155
158,47,TARGETS,155
65,29,TARGETS,156
65,6,TARGETS,156
65,156,TARGETS,156
23,29,TARGETS,156
23,6,TARGETS,156
23,156,TARGETS,156
160,56,TARGETS,158
13,56,TARGETS,158
23,7,TARGETS,159
161,84,TARGETS,160
162,84,TARGETS,160
161,10,TARGETS,160
162,10,TARGETS,160
158,10,TARGETS,160
9,10,WORSENED_BY,161
9,29,WORSENED_BY,161
14,10,TARGETS,161
14,29,TARGETS,161
23,10,ALLEVIATES,161
37,9,TRIGGERED_BY,163
14,3,TARGETS,164
3,10,WORSENED_BY,167
3,22,TRIGGERED_BY,169
3,13,WORSENED_BY,169
14,22,TARGETS,169
23,22,ALLEVIATES,169
63,54,WORSENED_BY,171
120,54,TARGETS,171
163,164,WORSENED_BY,172
165,163,TARGETS,172
166,163,TARGETS,172
143,164,TARGETS,172
65,54,TARGETS,172
168,167,TRIGGERED_BY,173
168,10,WORSENED_BY,173
169,167,TARGETS,173
169,10,TARGETS,173
170,6,WORSENED_BY,174
171,27,WORSENED_BY,174
79,6,TARGETS,174
79,27,TARGETS,174
65,6,TARGETS,174
65,27,TARGETS,174
172,10,WORSENED_BY,175
172,26,WORSENED_BY,175
66,172,TARGETS,175
173,172,TARGETS,175
65,10,TARGETS,175
65,26,TARGETS,175
174,78,WORSENED_BY,176
69,78,TARGETS,176
120,78,TARGETS,176
32,10,TRIGGERED_BY,177
175,10,WORSENED_BY,177
11,10,TARGETS,177
52,10,TARGETS,177
23,10,TARGETS,177
176,93,WORSENED_BY,179
176,85,WORSENED_BY,179
15,93,TARGETS,179
15,85,TARGETS,179
177,93,TARGETS,179
177,85,TARGETS,179
65,93,TARGETS,179
65,85,TARGETS,179
178,6,WORSENED_BY,180
178,179,WORSENED_BY,180
79,179,TARGETS,180
180,179,TARGETS,180
38,10,TARGETS,181
18,10,TARGETS,181
23,10,TARGETS,181
3,10,TRIGGERED_BY,183
3,181,TRIGGERED_BY,183
14,10,TARGETS,184
14,13,TARGETS,184
9,3,WORSENED_BY,189
3,6,TRIGGERED_BY,190
14,3,TARGETS,191
52,3,TARGETS,191
182,10,TARGETS,192
183,10,TARGETS,192
92,10,TARGETS,192
28,10,TARGETS,192
3,10,WORSENED_BY,192
14,49,TARGETS,194
184,49,TARGETS,194
186,10,TARGETS,197
187,10,TARGETS,197
14,10,TARGETS,198
52,10,TARGETS,198
23,10,TARGETS,198
32,10,WORSENED_BY,198
23,10,ALLEVIATES,201
8,10,TARGETS,203
188,10,TARGETS,206
14,10,TARGETS,206
69,10,TARGETS,208
33,25,TARGETS,210
38,25,TARGETS,210
17,10,ALLEVIATES,211
28,10,ALLEVIATES,217
33,10,ALLEVIATES,219
101,10,ALLEVIATES,220
45,10,ALLEVIATES,220
18,10,ALLEVIATES,220
101,10,ALLEVIATES,221
45,10,ALLEVIATES,221
18,10,ALLEVIATES,221
32,10,TRIGGERED_BY,221
32,189,TRIGGERED_BY,221
23,9,ALLEVIATES,226
73,9,ALLEVIATES,226
32,6,TRIGGERED_BY,228
32,102,TRIGGERED_BY,228
32,27,TRIGGERED_BY,228
9,6,TRIGGERED_BY,228
9,102,TRIGGERED_BY,228
9,27,TRIGGERED_BY,228
38,9,ALLEVIATES,229
32,10,WORSENED_BY,231
32,34,TRIGGERED_BY,238
191,26,TRIGGERED_BY,242
191,6,TRIGGERED_BY,242
192,26,ALLEVIATES,242
65,6,ALLEVIATES,242
23,6,ALLEVIATES,242
193,49,TRIGGERED_BY,243
38,193,TARGETS,243
17,193,TARGETS,243
195,10,TRIGGERED_BY,244
195,194,TRIGGERED_BY,244
158,10,TARGETS,244
33,13,TARGETS,245
17,13,TARGETS,245
5,13,TARGETS,245
13,4,TARGETS,246
13,48,TARGETS,246
13,10,TARGETS,246
196,21,TRIGGERED_BY,247
197,21,ALLEVIATES,247
23,21,ALLEVIATES,247
199,116,TRIGGERED_BY,249
199,198,TRIGGERED_BY,249
201,200,TRIGGERED_BY,250
23,203,TARGETS,252
18,203,TARGETS,252
20,3,TRIGGERED_BY,253
8,4,TARGETS,254
8,122,TARGETS,254
204,4,TARGETS,254
204,122,TARGETS,254
206,32,TRIGGERED_BY,255
32,205,TARGETS,255
207,32,TARGETS,255
32,208,TRIGGERED_BY,256
20,208,TRIGGERED_BY,256
18,208,TARGETS,256
143,208,TARGETS,256
10,13,TARGETS,258
10,103,TARGETS,258
13,10,TARGETS,258
13,103,TARGETS,258
15,13,TARGETS,259
210,3,TARGETS,260
23,10,ALLEVIATES,261
9,10,WORSENED_BY,261
14,10,TARGETS,261
32,13,TRIGGERED_BY,262
20,13,TRIGGERED_BY,262
14,13,TARGETS,262
23,13,ALLEVIATES,262
9,23,TARGETS,266
14,9,TARGETS,267
9,3,WORSENED_BY,269
23,21,ALLEVIATES,271
65,211,ALLEVIATES,271
212,6,ALLEVIATES,271
9,48,WORSENED_BY,271
9,4,WORSENED_BY,271
9,211,WORSENED_BY,271
23,3,ALLEVIATES,272
212,3,ALLEVIATES,272
9,3,WORSENED_BY,272
14,26,TARGETS,273
14,10,TARGETS,273
52,26,TARGETS,273
23,10,ALLEVIATES,273
23,26,ALLEVIATES,273
9,26,WORSENED_BY,273
9,10,WORSENED_BY,273
23,9,ALLEVIATES,275
9,213,WORSENED_BY,276
14,13,TARGETS,277
9,6,WORSENED_BY,277
9,13,WORSENED_BY,277
214,9,ALLEVIATES,279
52,9,ALLEVIATES,280
52,215,TARGETS,281
47,10,TRIGGERED_BY,283
59,10,TRIGGERED_BY,283
23,10,TARGETS,283
20,3,TRIGGERED_BY,288
20,6,TRIGGERED_BY,288
20,4,TRIGGERED_BY,288
197,3,TARGETS,288
23,3,TARGETS,288
8,4,TARGETS,290
8,75,TARGETS,290
23,4,TARGETS,290
23,75,TARGETS,290
33,4,TARGETS,290
33,75,TARGETS,290
219,49,TARGETS,293
9,10,WORSENED_BY,295
9,47,WORSENED_BY,295
38,10,TARGETS,295
92,10,TARGETS,296
76,10,TARGETS,296
220,10,TARGETS,296
3,9,WORSENED_BY,297
9,221,WORSENED_BY,297
97,10,TARGETS,299
23,10,TARGETS,299
23,10,ALLEVIATES,301
9,10,WORSENED_BY,305
23,4,ALLEVIATES,307
23,75,ALLEVIATES,307
23,9,ALLEVIATES,309
222,10,TARGETS,313
18,10,TARGETS,313
17,10,TARGETS,313
223,10,TARGETS,313
223,69,TARGETS,314
224,75,TARGETS,315
224,26,TARGETS,315
30,75,TARGETS,315
30,26,TARGETS,315
223,75,TARGETS,315
223,26,TARGETS,315
119,3,TARGETS,316
119,4,TARGETS,316
119,6,TARGETS,316
9,22,TRIGGERED_BY,317
15,10,TARGETS,317
33,22,TARGETS,317
31,7,TARGETS,318
31,56,TARGETS,318
119,7,TARGETS,318
119,56,TARGETS,318
225,9,ALLEVIATES,319
226,9,ALLEVIATES,319
209,9,ALLEVIATES,319
227,9,ALLEVIATES,319
14,228,TARGETS,321
32,228,WORSENED_BY,321
18,228,TARGETS,321
229,228,TARGETS,321
231,10,TRIGGERED_BY,322
120,230,TARGETS,322
120,27,TARGETS,322
65,10,TARGETS,322
232,6,TRIGGERED_BY,323
232,102,TRIGGERED_BY,323
233,235,WORSENED_BY,324
234,235,WORSENED_BY,324
236,233,TARGETS,324
82,234,TARGETS,324
126,34,TRIGGERED_BY,325
237,34,TRIGGERED_BY,325
11,34,TARGETS,325
238,34,TARGETS,325
239,34,TARGETS,325
65,21,TARGETS,326
23,21,TARGETS,326
20,4,TRIGGERED_BY,327
20,29,TRIGGERED_BY,327
20,240,TRIGGERED_BY,327
20,3,TRIGGERED_BY,327
65,4,TARGETS,327
65,29,TARGETS,327
243,241,TRIGGERED_BY,328
242,241,WORSENED_BY,328
244,241,TARGETS,328
65,241,TARGETS,328
10,245,TRIGGERED_BY,329
45,10,TARGETS,329
17,10,TARGETS,329
17,245,TARGETS,329
246,10,TARGETS,329
247,10,TARGETS,329
248,190,WORSENED_BY,330
249,190,TRIGGERED_BY,330
38,190,TARGETS,330
45,190,TARGETS,330
69,248,TARGETS,330
20,3,TRIGGERED_BY,331
71,10,WORSENED_BY,331
14,10,TARGETS,331
23,10,ALLEVIATES,331
9,10,WORSENED_BY,337
101,10,ALLEVIATES,341
45,10,ALLEVIATES,341
238,10,ALLEVIATES,341
18,132,TARGETS,341
20,3,TRIGGERED_BY,342
20,4,TRIGGERED_BY,342
20,57,TRIGGERED_BY,342
20,250,TRIGGERED_BY,342
82,26,TARGETS,343
82,29,TARGETS,343
65,4,TARGETS,345
252,27,TARGETS,345
20,6,TRIGGERED_BY,346
20,93,TRIGGERED_BY,346
253,3,TARGETS,347
69,3,TARGETS,348
31,254,TARGETS,349
63,6,TRIGGERED_BY,350
63,10,TRIGGERED_BY,350
255,10,ALLEVIATES,350
256,6,TARGETS,350
257,10,TRIGGERED_BY,352
47,257,TARGETS,352
258,10,WORSENED_BY,355
261,259,TARGETS,361
261,260,TARGETS,361
69,6,TARGETS,364
14,6,TARGETS,364
14,75,TARGETS,364
14,262,TARGETS,364
14,10,TARGETS,364
82,27,TARGETS,365
14,263,TARGETS,365
14,264,TARGETS,365
14,27,TARGETS,365
71,263,WORSENED_BY,365
14,85,TARGETS,367
14,47,TARGETS,369
14,3,TARGETS,369
265,3,TARGETS,370
9,10,WORSENED_BY,372
14,10,TARGETS,372
14,266,TARGETS,372
20,26,TRIGGERED_BY,373
267,26,TRIGGERED_BY,373
20,75,TRIGGERED_BY,373
267,75,TRIGGERED_BY,373
23,26,ALLEVIATES,373
23,75,ALLEVIATES,373
63,27,WORSENED_BY,375
63,268,WORSENED_BY,375
97,27,TARGETS,375
97,268,TARGETS,375
8,27,TARGETS,375
8,268,TARGETS,375
23,27,ALLEVIATES,375
23,268,ALLEVIATES,375
269,156,WORSENED_BY,376
211,156,WORSENED_BY,376
184,269,TARGETS,376
184,211,TARGETS,376
184,156,TARGETS,376
18,269,TARGETS,376
18,211,TARGETS,376
18,156,TARGETS,376
270,230,TRIGGERED_BY,377
270,271,TRIGGERED_BY,377
23,230,ALLEVIATES,377
23,271,ALLEVIATES,377
8,230,TARGETS,377
8,271,TARGETS,377
63,21,WORSENED_BY,379
63,19,WORSENED_BY,379
63,10,WORSENED_BY,379
23,21,ALLEVIATES,379
23,19,ALLEVIATES,379
23,10,ALLEVIATES,379
8,21,TARGETS,379
8,19,TARGETS,379
8,10,TARGETS,379
14,10,TARGETS,387
14,13,TARGETS,387
33,10,TARGETS,387
33,13,TARGETS,387
23,10,TARGETS,387
23,13,TARGETS,387
18,273,TARGETS,411
23,273,TARGETS,411
14,273,TARGETS,411
32,273,TRIGGERED_BY,412
23,6,TARGETS,414
23,4,TARGETS,414
23,10,TARGETS,419
77,10,TARGETS,419
9,10,WORSENED_BY,419
8,103,TARGETS,420
23,103,TARGETS,420
3,6,WORSENED_BY,420
274,10,WORSENED_BY,421
275,21,WORSENED_BY,421
14,10,TARGETS,421
23,21,ALLEVIATES,421
9,3,WORSENED_BY,422
9,4,WORSENED_BY,422
9,27,WORSENED_BY,422
9,48,WORSENED_BY,422
23,9,ALLEVIATES,422
20,3,TRIGGERED_BY,423
20,90,WORSENED_BY,423
20,276,WORSENED_BY,423
3,10,WORSENED_BY,425
33,10,TARGETS,425
23,10,ALLEVIATES,425
188,10,TARGETS,425
278,32,TARGETS,429
8,6,TARGETS,430
8,102,TARGETS,430
15,10,TARGETS,434
23,10,TARGETS,434
15,4,TARGETS,436
131,4,TARGETS,436
11,10,TARGETS,440
5,279,TARGETS,440
23,21,ALLEVIATES,442
158,21,ALLEVIATES,442
97,21,ALLEVIATES,442
9,21,TRIGGERED_BY,442
69,10,TARGETS,443
69,9,TARGETS,443
9,10,TRIGGERED_BY,443
281,3,TARGETS,444
100,3,TARGETS,446
32,25,TRIGGERED_BY,447
32,6,TRIGGERED_BY,447
32,26,TRIGGERED_BY,447
32,282,TRIGGERED_BY,447
82,25,TARGETS,447
9,283,TRIGGERED_BY,448
284,283,TARGETS,448
182,283,TARGETS,448
283,6,TRIGGERED_BY,448
28,9,ALLEVIATES,449
45,9,ALLEVIATES,449
17,9,ALLEVIATES,449
14,10,TARGETS,449
14,9,TARGETS,449
286,285,TARGETS,450
285,27,TRIGGERED_BY,450
20,3,TRIGGERED_BY,452
9,156,WORSENED_BY,452
287,6,TARGETS,452
287,156,TARGETS,452
9,21,TRIGGERED_BY,454
92,21,ALLEVIATES,454
28,21,ALLEVIATES,454
65,54,ALLEVIATES,456
65,6,ALLEVIATES,456
293,48,TARGETS,457
293,291,TARGETS,457
293,292,TARGETS,457
115,298,ALLEVIATES,459
165,298,ALLEVIATES,459
18,48,TARGETS,460
38,48,TARGETS,460
301,48,TARGETS,460
66,83,TARGETS,463
66,27,TARGETS,463
66,47,TARGETS,463
66,3,TARGETS,463
165,83,TARGETS,463
165,27,TARGETS,463
165,47,TARGETS,463
165,3,TARGETS,463
304,303,TARGETS,464
305,48,TARGETS,465
306,48,TARGETS,465
115,156,TARGETS,466
308,156,TARGETS,466
65,156,TARGETS,466
115,307,TARGETS,466
308,307,TARGETS,466
65,307,TARGETS,466
115,29,TARGETS,466
308,29,TARGETS,466
65,29,TARGETS,466
28,10,TARGETS,467
38,10,TARGETS,467
227,10,TARGETS,467
28,21,TARGETS,467
38,21,TARGETS,467
227,21,TARGETS,467
18,10,TARGETS,468
18,27,TARGETS,468
38,3,TARGETS,469
17,3,TARGETS,469
38,9,TARGETS,469
17,9,TARGETS,469
17,4,TARGETS,472
77,4,TARGETS,472
17,75,TARGETS,472
77,75,TARGETS,472
311,310,TARGETS,473
38,24,TARGETS,473
38,309,TARGETS,473
9,38,TARGETS,474
14,10,TARGETS,476
97,4,TARGETS,476
11,10,TARGETS,476
30,4,TARGETS,476
100,56,TARGETS,478
100,312,TARGETS,478
30,56,TARGETS,478
313,314,TARGETS,482
23,53,TARGETS,482
14,313,TARGETS,482
23,3,TARGETS,484
14,3,TARGETS,484
23,20,TARGETS,486
23,10,TARGETS,487
14,10,TARGETS,487
315,47,TARGETS,488
315,10,TARGETS,488
23,9,TARGETS,489
23,4,TARGETS,490
14,4,TARGETS,490
20,3,TRIGGERED_BY,491
3,6,TARGETS,491
3,4,TARGETS,491
17,3,TARGETS,491
3,29,TARGETS,493
20,6,TARGETS,494
20,27,TARGETS,494
316,10,WORSENED_BY,495
52,10,TARGETS,495
9,22,TRIGGERED_BY,496
13,4,TARGETS,497
13,75,TARGETS,497
14,13,TARGETS,497
33,13,TARGETS,497
9,10,WORSENED_BY,498
9,13,WORSENED_BY,498
14,10,TARGETS,498
10,151,TARGETS,499
60,10,TARGETS,499
17,10,TARGETS,499
23,10,TARGETS,499
71,317,WORSENED_BY,500
317,318,WORSENED_BY,500
248,10,WORSENED_BY,501
20,10,WORSENED_BY,501
17,10,TARGETS,501
45,10,TARGETS,501
18,10,TARGETS,501
248,101,WORSENED_BY,502
248,45,WORSENED_BY,502
15,10,TARGETS,503
238,10,TARGETS,503
30,10,TARGETS,503
101,317,TARGETS,504
45,317,TARGETS,504
17,7,TARGETS,505
17,56,TARGETS,505
17,27,ALLEVIATES,512
17,26,ALLEVIATES,512
28,27,ALLEVIATES,512
28,26,ALLEVIATES,512
321,27,ALLEVIATES,512
321,26,ALLEVIATES,512
20,322,WORSENED_BY,513
28,10,ALLEVIATES,514
45,10,ALLEVIATES,514
8,10,TARGETS,515
8,13,TARGETS,515
17,10,ALLEVIATES,515
17,13,ALLEVIATES,515
20,10,TRIGGERED_BY,515
20,13,TRIGGERED_BY,515
8,6,TARGETS,517
8,4,TARGETS,517
23,6,ALLEVIATES,517
23,4,ALLEVIATES,517
101,10,ALLEVIATES,520
31,10,TARGETS,524
323,10,TARGETS,524
101,10,TARGETS,524
45,10,TARGETS,524
31,13,TARGETS,524
323,13,TARGETS,524
101,13,TARGETS,524
45,13,TARGETS,524
17,10,TARGETS,526
324,10,TARGETS,526
325,10,TARGETS,526
17,9,TARGETS,526
324,9,TARGETS,526
325,9,TARGETS,526
17,6,TARGETS,527
77,6,TARGETS,527
326,6,TARGETS,527
23,10,TARGETS,529
327,10,TARGETS,529
45,21,TARGETS,530
17,21,TARGETS,530
45,9,TARGETS,530
23,10,ALLEVIATES,531
9,23,WORSENED_BY,533
14,9,TARGETS,533
23,20,ALLEVIATES,535
14,20,TARGETS,535
14,10,TARGETS,536
3,10,WORSENED_BY,537
9,10,WORSENED_BY,537
14,3,TARGETS,537
33,10,TARGETS,539
17,27,ALLEVIATES,542
28,27,ALLEVIATES,542
14,27,TARGETS,542
14,26,TARGETS,542
14,21,TARGETS,542
14,156,TARGETS,542
14,3,TARGETS,544
14,4,TARGETS,544
14,48,TARGETS,544
28,10,ALLEVIATES,545
28,9,ALLEVIATES,545
45,10,ALLEVIATES,545
45,9,ALLEVIATES,545
17,10,ALLEVIATES,545
17,9,ALLEVIATES,545
96,10,WORSENED_BY,545
96,9,WORSENED_BY,545
14,13,TARGETS,549
33,13,TARGETS,549
92,9,ALLEVIATES,552
76,9,ALLEVIATES,552
77,9,ALLEVIATES,552
182,196,ALLEVIATES,557
17,9,ALLEVIATES,557
101,9,ALLEVIATES,557
124,129,WORSENED_BY,558
9,22,TRIGGERED_BY,560
10,22,TRIGGERED_BY,560
32,22,TRIGGERED_BY,560
101,22,ALLEVIATES,560
9,10,WORSENED_BY,564
9,13,WORSENED_BY,564
38,10,ALLEVIATES,564
31,10,TARGETS,564
119,10,TARGETS,564
29,7,TARGETS,565
29,26,TARGETS,565
65,29,ALLEVIATES,565
329,10,WORSENED_BY,567
330,329,TARGETS,567
25,29,WORSENED_BY,568
65,25,ALLEVIATES,568
331,29,TARGETS,568
13,332,WORSENED_BY,569
14,13,TARGETS,569
33,13,TARGETS,569
8,13,TARGETS,569
33,10,ALLEVIATES,570
14,10,TREATED_BY,392
14,13,TREATED_BY,392
8,10,TARGETS,392
23,10,HELPED_BY,392
23,13,HELPED_BY,392
124,10,TRIGGERED_BY,392
124,13,TRIGGERED_BY,392
20,59,RELATED_TO,396
318,10,ALLEVIATES,396
318,13,ALLEVIATES,396
318,74,TARGETS,396
319,21,WORSENED_BY,397
320,21,WORSENED_BY,397
65,21,ALLEVIATES,397
321,21,ALLEVIATES,397
69,21,TARGETS,397
319,322,WORSENED_BY,398
323,322,RELATED_TO,398
324,322,TARGETS,398
30,323,TARGETS,398
18,323,TARGETS,398
325,326,TRIGGERED_BY,399
325,327,TRIGGERED_BY,399
65,84,TARGETS,399
252,84,TARGETS,399
328,21,RELATED_TO,400
9,21,TRIGGERED_BY,400
10,21,TRIGGERED_BY,400
318,9,ALLEVIATES,400
101,9,ALLEVIATES,400
77,65,RELATED_TO,401
23,65,RELATED_TO,401
97,329,TREATED_BY,401
85,120,HELPED_BY,402
330,120,HELPED_BY,402
101,65,RELATED_TO,403
120,331,HELPED_BY,403
120,332,HELPED_BY,403
333,6,WORSENED_BY,404
333,4,WORSENED_BY,404
97,333,TREATED_BY,405
65,3,ALLEVIATES,407
65,4,ALLEVIATES,407
65,25,ALLEVIATES,407
101,77,RELATED_TO,408
23,101,RELATED_TO,408
65,209,ALLEVIATES,409
65,6,ALLEVIATES,409
158,7,HELPED_BY,574
97,3,TREATED_BY,574
97,10,TREATED_BY,574
31,7,HELPED_BY,577
97,333,TREATED_BY,577
14,6,TREATED_BY,578
14,333,TREATED_BY,578
65,333,MANAGED_BY,579
335,32,TREATED_BY,579
335,10,TREATED_BY,579
17,10,HELPED_BY,580
287,10,TREATED_BY,580
287,9,TREATED_BY,580
65,329,ALLEVIATES,581
196,329,RELATED_TO,581
97,336,TARGETS,582
120,329,ALLEVIATES,583
65,10,ALLEVIATES,583
65,13,ALLEVIATES,583
336,329,TRIGGERED_BY,583
336,10,TRIGGERED_BY,583
336,13,TRIGGERED_BY,583
23,329,ALLEVIATES,584
8,329,TARGETS,584
77,329,ALLEVIATES,584
8,10,TARGETS,586
23,10,ALLEVIATES,586
337,10,ALLEVIATES,586
337,329,ALLEVIATES,586
333,10,TRIGGERED_BY,589
196,10,TRIGGERED_BY,589
333,196,RELATED_TO,589
3,9,RELATED_TO,590
20,3,TRIGGERED_BY,701
20,6,TRIGGERED_BY,701
20,328,TRIGGERED_BY,701
14,6,TARGETS,701
14,328,TARGETS,701
203,6,HELPED_BY,701
203,328,HELPED_BY,701
333,181,WORSENED_BY,702
333,13,WORSENED_BY,702
333,329,WORSENED_BY,702
333,19,WORSENED_BY,703
65,19,MANAGED_BY,703
203,331,HELPED_BY,704
8,331,TARGETS,704
8,330,TARGETS,704
8,10,TARGETS,704
329,93,WORSENED_BY,706
10,29,WORSENED_BY,707
333,27,WORSENED_BY,709
333,72,WORSENED_BY,709
333,3,WORSENED_BY,709
65,333,MANAGED_BY,709
18,332,TREATED_BY,711
23,332,HELPED_BY,711
20,3,TRIGGERED_BY,712
20,122,TRIGGERED_BY,712
20,93,TRIGGERED_BY,712
120,122,ALLEVIATES,712
65,93,ALLEVIATES,712
108,13,TREATED_BY,713
82,13,ALLEVIATES,713
120,13,ALLEVIATES,713
65,13,ALLEVIATES,713
333,330,WORSENED_BY,714
334,330,TREATED_BY,714
17,330,ALLEVIATES,714
65,330,ALLEVIATES,714
23,75,ALLEVIATES,715
92,122,ALLEVIATES,715
9,155,WORSENED_BY,715
20,6,TRIGGERED_BY,716
20,4,TRIGGERED_BY,716
100,3,TREATED_BY,716
31,4,ALLEVIATES,716
20,102,TRIGGERED_BY,717
20,29,TRIGGERED_BY,717
20,10,TRIGGERED_BY,719
20,47,TRIGGERED_BY,719
335,3,ALLEVIATES,719
15,10,TREATED_BY,719
31,3,ALLEVIATES,720
14,3,TREATED_BY,720
71,19,TRIGGERED_BY,721
71,10,TRIGGERED_BY,721
71,13,TRIGGERED_BY,721
71,328,TRIGGERED_BY,721
65,19,MANAGED_BY,721
92,19,HELPED_BY,721
77,19,HELPED_BY,721
14,19,TREATED_BY,721
97,19,TREATED_BY,721
333,9,TRIGGERED_BY,723
333,10,TRIGGERED_BY,723
23,9,HELPED_BY,723
337,9,HELPED_BY,723
23,10,HELPED_BY,723
337,10,HELPED_BY,723
14,333,TREATED_BY,723
333,26,TRIGGERED_BY,724
333,329,TRIGGERED_BY,724
23,26,HELPED_BY,724
337,26,HELPED_BY,724
23,329,HELPED_BY,724
337,329,HELPED_BY,724
20,3,TRIGGERED_BY,725
23,3,HELPED_BY,725
14,3,TREATED_BY,725
336,7,TRIGGERED_BY,728
336,10,TRIGGERED_BY,728
336,13,TRIGGERED_BY,728
14,7,TREATED_BY,728
14,10,TREATED_BY,728
14,13,TREATED_BY,728
9,22,TRIGGERED_BY,729
122,22,TRIGGERED_BY,729
93,22,TRIGGERED_BY,729
23,122,HELPED_BY,730
337,122,HELPED_BY,730
23,6,HELPED_BY,730
337,6,HELPED_BY,730
14,122,TREATED_BY,730
14,6,TREATED_BY,730
65,328,MANAGED_BY,730
65,6,MANAGED_BY,730
14,328,TREATED_BY,730
14,330,TARGETS,731
331,10,TREATED_BY,731
203,10,ALLEVIATES,731
65,10,ALLEVIATES,731
3,205,TRIGGERED_BY,733
3,10,TRIGGERED_BY,733
3,13,TRIGGERED_BY,733
337,10,ALLEVIATES,733
14,3,TARGETS,733
333,328,TRIGGERED_BY,734
333,9,TRIGGERED_BY,734
196,205,TRIGGERED_BY,735
196,10,TRIGGERED_BY,735
9,205,TRIGGERED_BY,735
23,10,ALLEVIATES,735
14,196,TARGETS,735
71,9,TRIGGERED_BY,739
71,336,TRIGGERED_BY,739
65,9,ALLEVIATES,740
14,333,TARGETS,740
65,9,HELPED_BY,741
97,9,TREATED_BY,741
233,9,WORSENED_BY,743
23,9,HELPED_BY,743
73,9,HELPED_BY,743
332,10,RELATED_TO,745
120,332,MANAGED_BY,745
333,10,RELATED_TO,746
97,10,TREATED_BY,746
65,333,MANAGED_BY,746
23,3,ALLEVIATES,748
77,3,ALLEVIATES,748
65,3,ALLEVIATES,748
14,3,TREATED_BY,748
203,10,HELPED_BY,749
14,333,TARGETS,751
97,328,TARGETS,751
10,336,RELATED_TO,752
9,285,TRIGGERED_BY,754
10,285,TRIGGERED_BY,754
13,285,TRIGGERED_BY,754
65,9,ALLEVIATES,754
97,10,TARGETS,754
8,328,TARGETS,755
23,328,ALLEVIATES,757
203,328,ALLEVIATES,757
14,328,TARGETS,757
8,10,TARGETS,760
23,10,ALLEVIATES,760
23,47,ALLEVIATES,760
332,47,RELATED_TO,760
10,47,RELATED_TO,761
13,50,RELATED_TO,761
210,10,HELPED_BY,761
210,328,HELPED_BY,761
334,196,WORSENED_BY,762
333,196,WORSENED_BY,762
69,196,MANAGED_BY,762
334,3,WORSENED_BY,763
333,27,WORSENED_BY,763
337,335,ALLEVIATES,763
8,47,TREATED_BY,763
23,3,HELPED_BY,764
101,10,HELPED_BY,764
333,322,WORSENED_BY,765
65,333,MANAGED_BY,765
20,336,TRIGGERED_BY,766
337,336,ALLEVIATES,766
10,328,RELATED_TO,767
65,10,MANAGED_BY,767
28,10,HELPED_BY,768
18,10,TREATED_BY,769
9,27,WORSENED_BY,770
10,26,RELATED_TO,770
8,9,TREATED_BY,770
23,10,HELPED_BY,770
65,20,ALLEVIATES,771
17,20,ALLEVIATES,771
338,339,TRIGGERED_BY,772
28,340,HELPED_BY,772
17,340,HELPED_BY,772
271,338,RELATED_TO,772
10,21,RELATED_TO,773
188,10,TREATED_BY,773
228,10,RELATED_TO,773
341,342,RELATED_TO,774
13,10,RELATED_TO,775
32,10,WORSENED_BY,775
111,10,HELPED_BY,775
343,344,RELATED_TO,776
117,343,RELATED_TO,776
9,21,RELATED_TO,777
28,9,ALLEVIATES,777
84,21,RELATED_TO,778
65,84,MANAGED_BY,778
17,2,TARGETS,779
18,271,TARGETS,779
15,10,TREATED_BY,780
15,13,TREATED_BY,780
30,10,HELPED_BY,780
30,13,HELPED_BY,780
336,10,TRIGGERED_BY,781
336,335,TRIGGERED_BY,781
337,338,RELATED_TO,781
338,10,WORSENED_BY,781
17,10,ALLEVIATES,781
14,10,TREATED_BY,781
340,10,RELATED_TO,781
341,10,RELATED_TO,781
342,59,WORSENED_BY,782
97,59,TREATED_BY,782
63,322,RELATED_TO,783
343,322,WORSENED_BY,783
65,63,MANAGED_BY,783
344,10,TRIGGERED_BY,783
345,10,TRIGGERED_BY,783
203,10,ALLEVIATES,783
18,10,TREATED_BY,783
63,320,RELATED_TO,784
63,347,RELATED_TO,784
348,320,RELATED_TO,784
348,347,RELATED_TO,784
63,29,RELATED_TO,785
348,63,RELATED_TO,785
20,3,TRIGGERED_BY,786
20,47,TRIGGERED_BY,786
47,9,RELATED_TO,786
92,9,ALLEVIATES,786
76,9,ALLEVIATES,786
349,9,ALLEVIATES,786
29,26,RELATED_TO,787
29,10,RELATED_TO,787
29,132,RELATED_TO,787
65,10,ALLEVIATES,787
65,132,ALLEVIATES,787
65,9,ALLEVIATES,789
350,29,WORSENED_BY,790
350,56,WORSENED_BY,790
350,27,WORSENED_BY,790
9,29,RELATED_TO,790
9,56,RELATED_TO,790
9,27,RELATED_TO,790
32,47,TRIGGERED_BY,791
82,10,HELPED_BY,791
82,47,HELPED_BY,791
8,10,TREATED_BY,791
184,336,MANAGED_BY,792
31,7,TREATED_BY,792
97,4,TREATED_BY,792
333,335,WORSENED_BY,793
18,47,HELPED_BY,793
23,203,MANAGED_BY,793
92,203,MANAGED_BY,793
14,32,TARGETS,794
65,352,HELPED_BY,795
14,352,TREATED_BY,795
120,32,RELATED_TO,796
354,9,HELPED_BY,799
8,9,TREATED_BY,799
65,333,MANAGED_BY,800
101,26,HELPED_BY,800
92,27,HELPED_BY,800
333,6,WORSENED_BY,801
65,333,MANAGED_BY,801
21,47,RELATED_TO,802
65,21,ALLEVIATES,802
355,21,ALLEVIATES,802
28,356,ALLEVIATES,803
45,356,ALLEVIATES,803
203,356,MANAGED_BY,803
124,335,TRIGGERED_BY,805
357,335,ALLEVIATES,805
10,335,RELATED_TO,805
4,335,RELATED_TO,805
48,335,RELATED_TO,805
8,335,TREATED_BY,805
17,335,ALLEVIATES,805
3,358,RELATED_TO,806
29,358,RELATED_TO,806
203,358,MANAGED_BY,807
333,9,WORSENED_BY,809
65,9,ALLEVIATES,809
3,10,RELATED_TO,809
3,13,RELATED_TO,809
101,9,ALLEVIATES,809
92,9,ALLEVIATES,809
45,9,ALLEVIATES,809
17,10,ALLEVIATES,809
17,13,ALLEVIATES,809
359,3,TREATED_BY,809
360,10,RELATED_TO,810
17,360,ALLEVIATES,810
8,360,TREATED_BY,810
17,10,ALLEVIATES,811
17,360,ALLEVIATES,811
37,20,RELATED_TO,811
37,59,RELATED_TO,811
333,335,WORSENED_BY,812
333,10,WORSENED_BY,812
333,6,WORSENED_BY,812
71,335,WORSENED_BY,812
71,10,WORSENED_BY,812
71,6,WORSENED_BY,812
361,10,TRIGGERED_BY,815
9,10,TRIGGERED_BY,815
8,10,TARGETS,815
113,6,RELATED_TO,817
113,102,RELATED_TO,817
113,132,RELATED_TO,817
69,6,ALLEVIATES,817
69,102,ALLEVIATES,817
69,132,ALLEVIATES,817
188,6,TARGETS,817
30,6,TARGETS,817
19,10,TRIGGERED_BY,818
337,9,ALLEVIATES,818
65,9,ALLEVIATES,818
65,19,ALLEVIATES,818
47,10,RELATED_TO,819
47,6,RELATED_TO,819
47,48,RELATED_TO,819
47,4,RELATED_TO,819
17,9,ALLEVIATES,819
363,362,TRIGGERED_BY,821
363,57,TRIGGERED_BY,821
362,4,RELATED_TO,821
362,48,RELATED_TO,821
362,27,RELATED_TO,821
333,6,TRIGGERED_BY,822
333,4,TRIGGERED_BY,822
333,27,TRIGGERED_BY,822
20,6,WORSENED_BY,822
20,4,WORSENED_BY,822
20,27,WORSENED_BY,822
8,6,TARGETS,822
8,4,TARGETS,822
335,9,RELATED_TO,823
335,10,RELATED_TO,823
8,9,TARGETS,823
8,10,TARGETS,823
17,9,ALLEVIATES,823
17,10,ALLEVIATES,823
20,47,TRIGGERED_BY,824
20,364,TRIGGERED_BY,824
17,364,ALLEVIATES,824
9,93,RELATED_TO,825
9,335,RELATED_TO,825
188,9,TARGETS,825
188,93,TARGETS,825
30,335,ALLEVIATES,825
353,93,RELATED_TO,825
9,365,TRIGGERED_BY,826
7,365,TRIGGERED_BY,826
32,365,TRIGGERED_BY,827
17,365,ALLEVIATES,827
18,365,TARGETS,827
20,6,TRIGGERED_BY,828
20,366,TRIGGERED_BY,828
20,3,TRIGGERED_BY,828
3,6,RELATED_TO,829
3,93,RELATED_TO,829
20,29,TRIGGERED_BY,830
336,29,RELATED_TO,830
367,29,RELATED_TO,830
23,10,HELPED_BY,831
65,9,HELPED_BY,831
10,335,RELATED_TO,831
93,10,RELATED_TO,831
10,59,RELATED_TO,832
96,6,TRIGGERED_BY,834
96,9,TRIGGERED_BY,834
334,3,WORSENED_BY,835
10,9,RELATED_TO,835
334,9,TRIGGERED_BY,836
65,9,ALLEVIATES,836
61,334,MANAGED_BY,836
334,27,TRIGGERED_BY,837
334,47,TRIGGERED_BY,837
334,84,WORSENED_BY,837
82,3,TARGETS,837
20,6,TRIGGERED_BY,838
333,6,TRIGGERED_BY,838
333,9,TRIGGERED_BY,838
23,6,ALLEVIATES,838
65,333,MANAGED_BY,838
334,10,TRIGGERED_BY,839
334,26,TRIGGERED_BY,839
69,10,TARGETS,839
69,334,TARGETS,839
20,48,TRIGGERED_BY,840
20,4,TRIGGERED_BY,840
20,27,TRIGGERED_BY,840
334,48,TRIGGERED_BY,840
334,368,TRIGGERED_BY,840
334,335,WORSENED_BY,841
333,335,WORSENED_BY,841
3,335,RELATED_TO,841
14,334,TARGETS,841
203,335,ALLEVIATES,841
3,6,RELATED_TO,842
65,3,ALLEVIATES,842
23,3,ALLEVIATES,842
77,3,ALLEVIATES,842
20,9,TRIGGERED_BY,843
9,75,RELATED_TO,843
9,122,RELATED_TO,843
52,9,ALLEVIATES,843
23,9,ALLEVIATES,843
337,9,ALLEVIATES,843
77,9,ALLEVIATES,843
13,75,RELATED_TO,843
10,9,RELATED_TO,843
8,10,TARGETS,844
65,9,ALLEVIATES,844
333,9,RELATED_TO,845
65,333,MANAGED_BY,845
336,335,RELATED_TO,847
336,47,RELATED_TO,847
14,335,TARGETS,847
3,10,RELATED_TO,849
197,3,ALLEVIATES,849
336,9,RELATED_TO,850
336,335,WORSENED_BY,851
370,369,TRIGGERED_BY,851
371,369,TRIGGERED_BY,851
8,369,TREATED_BY,851
333,335,WORSENED_BY,852
65,333,MANAGED_BY,852
66,333,MANAGED_BY,852
14,333,TREATED_BY,852
65,10,HELPED_BY,853
65,9,HELPED_BY,854
66,9,HELPED_BY,854
17,9,HELPED_BY,857
337,9,HELPED_BY,857
45,9,HELPED_BY,857
336,9,WORSENED_BY,857
336,372,WORSENED_BY,858
66,336,MANAGED_BY,858
188,372,TREATED_BY,858
30,372,HELPED_BY,858
66,335,MANAGED_BY,859
10,335,RELATED_TO,859
65,3,HELPED_BY,860
23,26,HELPED_BY,862
23,27,HELPED_BY,862
9,10,RELATED_TO,863
38,9,ALLEVIATES,863
28,9,ALLEVIATES,863
18,10,TREATED_BY,863
101,9,ALLEVIATES,864
45,9,ALLEVIATES,864
14,10,TREATED_BY,864
14,13,TREATED_BY,864
28,10,ALLEVIATES,865
45,10,ALLEVIATES,865
30,124,ALLEVIATES,865
11,10,TREATED_BY,866
77,3,ALLEVIATES,866
281,3,TREATED_BY,866
74,34,ALLEVIATES,869
17,34,ALLEVIATES,869
11,375,TREATED_BY,869
11,376,TREATED_BY,869
378,377,ALLEVIATES,870
379,377,ALLEVIATES,870
18,190,TREATED_BY,870
82,9,HELPED_BY,871
8,10,TREATED_BY,871
8,13,TREATED_BY,871
381,181,HELPED_BY,873
65,333,MANAGED_BY,874
158,6,TREATED_BY,874
97,6,TREATED_BY,874
120,333,MANAGED_BY,875
23,9,HELPED_BY,875
182,333,MANAGED_BY,875
18,367,TREATED_BY,876
17,9,HELPED_BY,876
65,19,MANAGED_BY,876
18,382,TREATED_BY,877
18,6,TREATED_BY,877
18,102,TREATED_BY,877
385,383,TRIGGERED_BY,878
23,383,HELPED_BY,878
209,383,HELPED_BY,878
227,60,MANAGED_BY,879
227,10,HELPED_BY,879
227,105,MANAGED_BY,879
361,7,TRIGGERED_BY,880
361,333,TRIGGERED_BY,880
31,7,TREATED_BY,880
17,3,ALLEVIATES,881
17,335,ALLEVIATES,881
382,335,WORSENED_BY,881
23,335,ALLEVIATES,882
65,333,MANAGED_BY,882
17,336,MANAGED_BY,886
17,10,ALLEVIATES,886
65,335,ALLEVIATES,887
337,335,ALLEVIATES,887
77,335,ALLEVIATES,890
387,10,WORSENED_BY,891
23,7,HELPED_BY,893
20,3,TRIGGERED_BY,894
65,3,MANAGED_BY,894
23,3,MANAGED_BY,894
8,3,TREATED_BY,894
9,10,WORSENED_BY,895
65,9,MANAGED_BY,895
14,10,TARGETS,895
337,10,ALLEVIATES,896
23,10,ALLEVIATES,896
337,47,ALLEVIATES,896
23,47,ALLEVIATES,896
7,9,RELATED_TO,900
7,10,RELATED_TO,900
7,13,RELATED_TO,900
65,7,MANAGED_BY,900
393,56,HELPED_BY,902
394,56,HELPED_BY,902
65,84,MANAGED_BY,903
79,392,MANAGED_BY,903
402,333,TARGETS,904
400,333,TARGETS,904
401,333,TARGETS,904
65,333,MANAGED_BY,904
61,333,MANAGED_BY,904
403,21,ALLEVIATES,905
61,21,ALLEVIATES,905
14,78,TARGETS,905
408,404,TARGETS,906
409,404,TARGETS,906
30,29,ALLEVIATES,906
92,29,ALLEVIATES,906
28,29,ALLEVIATES,906
65,10,ALLEVIATES,907
410,10,ALLEVIATES,907
411,10,ALLEVIATES,907
379,10,ALLEVIATES,907
14,234,TARGETS,908
69,21,ALLEVIATES,908
65,21,ALLEVIATES,908
14,13,TREATED_BY,909
91,13,TREATED_BY,909
120,10,ALLEVIATES,910
28,10,ALLEVIATES,910
45,10,ALLEVIATES,910
17,10,ALLEVIATES,910
333,335,WORSENED_BY,911
71,335,WORSENED_BY,911
14,71,TARGETS,911
97,333,TARGETS,911
203,335,ALLEVIATES,911
3,10,RELATED_TO,912
23,10,ALLEVIATES,912
92,10,ALLEVIATES,912
32,335,TRIGGERED_BY,914
20,335,TRIGGERED_BY,914
65,335,ALLEVIATES,914
23,335,ALLEVIATES,914
14,13,TREATED_BY,916
65,13,ALLEVIATES,916
9,78,RELATED_TO,917
13,4,RELATED_TO,918
196,4,RELATED_TO,918
65,196,ALLEVIATES,918
8,10,TREATED_BY,921
23,10,HELPED_BY,921
92,10,HELPED_BY,921
337,10,HELPED_BY,921
13,414,RELATED_TO,924
10,414,RELATED_TO,924
13,29,RELATED_TO,924
10,29,RELATED_TO,924
97,29,TARGETS,924
97,414,TARGETS,924
14,416,TARGETS,929
417,26,WORSENED_BY,930
417,29,WORSENED_BY,930
417,27,WORSENED_BY,930
65,418,MANAGED_BY,932
419,418,ISSUE,932
420,3,TRIGGERED_BY,933
20,3,TRIGGERED_BY,934
20,122,TRIGGERED_BY,934
20,6,TRIGGERED_BY,934
8,3,TARGETS,934
23,3,ALLEVIATES,934
10,22,RELATED_TO,935
9,22,RELATED_TO,935
8,22,TARGETS,935
238,22,ALLEVIATES,935
315,22,TARGETS,935
126,37,WORSENED_BY,936
203,124,MANAGED_BY,937
421,22,TRIGGERED_BY,938
28,22,ALLEVIATES,938
45,22,ALLEVIATES,938
17,22,ALLEVIATES,938
65,421,MANAGED_BY,938
65,283,MANAGED_BY,939
59,3,RELATED_TO,939
59,10,RELATED_TO,939
47,10,RELATED_TO,940
8,10,TARGETS,940
28,10,ALLEVIATES,940
45,10,ALLEVIATES,940
23,10,ALLEVIATES,940
333,335,WORSENED_BY,941
65,333,MANAGED_BY,941
158,333,TARGETS,941
17,10,ALLEVIATES,942
11,47,TREATED_BY,942
158,10,TARGETS,942
69,335,ALLEVIATES,943
69,10,ALLEVIATES,943
69,13,ALLEVIATES,943
65,6,ALLEVIATES,945
65,423,ALLEVIATES,945
15,6,TARGETS,945
425,59,ALLEVIATES,946
424,59,TRIGGERED_BY,946
146,340,TRIGGERED_BY,947
146,426,TRIGGERED_BY,947
427,102,WORSENED_BY,948
427,27,WORSENED_BY,948
428,427,RELATED_TO,948
315,47,TREATED_BY,949
315,10,TREATED_BY,949
334,54,WORSENED_BY,950
429,334,TRIGGERED_BY,950
127,334,TARGETS,950
14,3,TARGETS,951
14,335,TARGETS,951
333,6,WORSENED_BY,952
333,4,WORSENED_BY,952
65,6,ALLEVIATES,952
65,4,ALLEVIATES,952
97,3,TARGETS,952
14,9,TARGETS,953
14,10,TARGETS,953
337,9,ALLEVIATES,953
23,10,ALLEVIATES,953
333,65,MANAGED_BY,954
23,333,ALLEVIATES,954
20,3,TRIGGERED_BY,955
3,4,RELATED_TO,956
3,6,RELATED_TO,956
65,3,ALLEVIATES,956
32,6,TRIGGERED_BY,957
23,6,ALLEVIATES,957
8,10,TARGETS,957
333,47,WORSENED_BY,958
65,333,MANAGED_BY,958
14,336,TARGETS,963
203,27,ALLEVIATES,963
203,26,ALLEVIATES,963
101,10,ALLEVIATES,964
92,10,ALLEVIATES,964
45,10,ALLEVIATES,964
101,9,ALLEVIATES,964
92,9,ALLEVIATES,964
45,9,ALLEVIATES,964
69,10,ALLEVIATES,966
65,78,ALLEVIATES,969
17,9,ALLEVIATES,969
65,9,ALLEVIATES,969
65,21,ALLEVIATES,970
333,335,WORSENED_BY,971
333,6,WORSENED_BY,971
66,333,MANAGED_BY,971
65,333,MANAGED_BY,971
432,333,MANAGED_BY,971
3,26,RELATED_TO,972
3,335,RELATED_TO,972
8,3,TREATED_BY,972
433,3,TREATED_BY,972
23,3,ALLEVIATES,972
9,10,RELATED_TO,973
434,9,ALLEVIATES,973
435,9,ALLEVIATES,973
436,9,ALLEVIATES,973
432,9,ALLEVIATES,973
437,436,SUGGESTS_STRATEGY,974
438,436,SUGGESTS_STRATEGY,974
3,7,RELATED_TO,975
158,3,TARGETS,975
436,333,MANAGED_BY,977
333,26,WORSENED_BY,978
333,4,WORSENED_BY,978
65,335,ALLEVIATES,980
65,336,MANAGED_BY,981
17,196,ALLEVIATES,983
65,196,MANAGED_BY,983
18,10,TREATED_BY,984
17,10,TREATED_BY,984
17,72,ALLEVIATES,984
17,9,ALLEVIATES,985
17,10,ALLEVIATES,985
120,6,ALLEVIATES,987
120,102,ALLEVIATES,987
15,6,TREATED_BY,987
15,102,TREATED_BY,987
30,3,ALLEVIATES,990
18,3,TREATED_BY,990
20,3,TRIGGERED_BY,991
20,10,TRIGGERED_BY,991
334,335,WORSENED_BY,991
14,3,TARGETS,991
14,10,TARGETS,991
14,334,TARGETS,991
77,335,ALLEVIATES,991
23,10,ALLEVIATES,991
333,335,WORSENED_BY,992
23,335,ALLEVIATES,992
8,335,TARGETS,992
333,9,WORSENED_BY,993
23,9,ALLEVIATES,994
337,10,ALLEVIATES,994
23,203,RELATED_TO,995
353,122,WORSENED_BY,996
353,93,WORSENED_BY,996
8,353,TARGETS,996
23,22,ALLEVIATES,996
18,9,ALLEVIATES,997
65,9,ALLEVIATES,997
333,10,WORSENED_BY,998
20,9,TRIGGERED_BY,1000
430,322,ALLEVIATES,1001
429,322,TARGETS,1001
432,431,MANAGED_BY,1002
433,431,MANAGED_BY,1002
434,431,MANAGED_BY,1002
8,9,TREATED_BY,1002
158,333,MANAGED_BY,1003
65,333,MANAGED_BY,1003
15,10,TREATED_BY,1005
15,13,TREATED_BY,1005
436,10,TREATED_BY,1005
436,13,TREATED_BY,1005
16,10,TREATED_BY,1005
16,13,TREATED_BY,1005
434,336,MANAGED_BY,1006
14,336,TARGETS,1006
9,34,TRIGGERED_BY,1008
10,34,TRIGGERED_BY,1008
322,34,TRIGGERED_BY,1008
38,9,ALLEVIATES,1008
38,10,ALLEVIATES,1008
114,9,ALLEVIATES,1008
114,10,ALLEVIATES,1008
28,9,ALLEVIATES,1009
45,9,ALLEVIATES,1009
65,9,ALLEVIATES,1009
71,9,RELATED_TO,1009
303,206,WORSENED_BY,1010
303,297,WORSENED_BY,1010
437,206,ALLEVIATES,1010
437,297,ALLEVIATES,1010
333,438,WORSENED_BY,1011
333,6,WORSENED_BY,1011
333,93,WORSENED_BY,1011
65,333,MANAGED_BY,1011
359,10,TREATED_BY,1012
14,10,TREATED_BY,1013
203,10,HELPED_BY,1013
71,9,WORSENED_BY,1014
71,10,WORSENED_BY,1014
9,34,TRIGGERED_BY,1014
9,439,TRIGGERED_BY,1014
52,9,MANAGED_BY,1014
52,10,MANAGED_BY,1014
23,333,MANAGED_BY,1015
337,333,MANAGED_BY,1015
8,333,TREATED_BY,1015
20,3,TRIGGERED_BY,1016
14,3,TREATED_BY,1016
120,49,ALLEVIATES,1017
14,336,TARGETS,1021
65,336,MANAGED_BY,1021
8,440,TARGETS,1022
23,6,ALLEVIATES,1022
23,438,ALLEVIATES,1022
361,3,TRIGGERED_BY,1023
65,3,ALLEVIATES,1023
65,10,ALLEVIATES,1024
65,6,ALLEVIATES,1024
65,9,ALLEVIATES,1025
23,9,ALLEVIATES,1025
14,13,TARGETS,1026
14,4,TARGETS,1026
14,75,TARGETS,1026
65,438,ALLEVIATES,1029
8,13,TARGETS,1030
8,10,TARGETS,1030
23,13,ALLEVIATES,1030
23,10,ALLEVIATES,1030
32,13,TRIGGERED_BY,1030
32,10,TRIGGERED_BY,1030
101,10,HELPED_BY,1032
92,10,HELPED_BY,1032
77,10,HELPED_BY,1032
101,13,HELPED_BY,1032
92,13,HELPED_BY,1032
77,13,HELPED_BY,1032
101,302,HELPED_BY,1032
92,302,HELPED_BY,1032
77,302,HELPED_BY,1032
20,6,WORSENED_BY,1033
20,4,WORSENED_BY,1033
20,9,WORSENED_BY,1033
20,10,WORSENED_BY,1033
333,21,TRIGGERED_BY,1034
333,9,TRIGGERED_BY,1034
210,9,ALLEVIATES,1034
441,9,ALLEVIATES,1034
60,9,ALLEVIATES,1034
65,21,ALLEVIATES,1036
23,21,ALLEVIATES,1036
97,333,TARGETS,1036
9,6,WORSENED_BY,1037
9,4,WORSENED_BY,1037
65,9,ALLEVIATES,1037
14,6,TARGETS,1037
333,442,TRIGGERED_BY,1038
333,59,TRIGGERED_BY,1038
333,72,TRIGGERED_BY,1038
8,72,TARGETS,1038
23,72,ALLEVIATES,1038
92,72,ALLEVIATES,1038
337,72,ALLEVIATES,1038
443,59,TRIGGERED_BY,1040
443,10,TRIGGERED_BY,1040
8,10,TARGETS,1040
23,10,ALLEVIATES,1040
69,10,HELPED_BY,1041
69,438,HELPED_BY,1041
65,438,HELPED_BY,1042
65,71,MANAGED_BY,1042
52,444,HELPED_BY,1043
52,320,HELPED_BY,1043
52,445,HELPED_BY,1043
8,10,TREATED_BY,1044
447,10,TREATED_BY,1044
337,10,HELPED_BY,1044
446,10,WORSENED_BY,1044
446,13,WORSENED_BY,1044
23,9,HELPED_BY,1045
23,10,HELPED_BY,1045
65,9,HELPED_BY,1046
65,334,MANAGED_BY,1046
14,196,TREATED_BY,1050
20,3,TRIGGERED_BY,1051
65,438,ALLEVIATES,1051
448,435,WORSENED_BY,1052
8,449,TARGETS,1052
65,122,ALLEVIATES,1052
23,85,ALLEVIATES,1052
23,9,ALLEVIATES,1053
65,9,ALLEVIATES,1053
23,438,ALLEVIATES,1055
18,179,TARGETS,1055
17,10,ALLEVIATES,1056
38,9,ALLEVIATES,1056
452,10,TARGETS,1056
11,10,TARGETS,1057
11,453,TARGETS,1057
101,454,MANAGED_BY,1058
45,454,MANAGED_BY,1058
28,10,ALLEVIATES,1059
45,151,ALLEVIATES,1059
17,9,ALLEVIATES,1059
17,456,ALLEVIATES,1059
65,457,ALLEVIATES,1060
65,147,ALLEVIATES,1060
458,457,MANAGED_BY,1060
65,19,HELPED_BY,1061
97,438,TARGETS,1061
336,32,WORSENED_BY,1062
14,32,TREATED_BY,1062
52,9,HELPED_BY,1062
65,9,HELPED_BY,1063
23,10,HELPED_BY,1064
337,9,HELPED_BY,1064
65,333,MANAGED_BY,1064
65,3,HELPED_BY,1065
14,333,TARGETS,1067
23,9,HELPED_BY,1067
8,9,TARGETS,1067
8,438,TARGETS,1068
100,3,TARGETS,1069
336,9,WORSENED_BY,1069
100,3,TARGETS,1071
100,336,TARGETS,1071
65,438,MANAGED_BY,1071
38,10,ALLEVIATES,1072
23,10,ALLEVIATES,1072
28,9,ALLEVIATES,1074
45,9,ALLEVIATES,1074
209,9,ALLEVIATES,1076
65,9,ALLEVIATES,1076
17,9,ALLEVIATES,1077
14,9,TARGETS,1077
8,9,TARGETS,1077
18,9,ALLEVIATES,1079
8,196,TARGETS,1079
65,6,ALLEVIATES,1080
120,6,ALLEVIATES,1080
9,90,WORSENED_BY,1081
65,90,ALLEVIATES,1081
120,65,SUGGESTS_STRATEGY,1081
3,21,TRIGGERED_BY,1082
20,196,TRIGGERED_BY,1083
333,196,RELATED_TO,1084
196,19,TRIGGERED_BY,1084
65,19,ALLEVIATES,1084
97,196,TREATED_BY,1084
333,27,TRIGGERED_BY,1085
333,4,TRIGGERED_BY,1085
333,6,TRIGGERED_BY,1085
65,333,MANAGED_BY,1087
23,333,MANAGED_BY,1087
20,4,TRIGGERED_BY,1088
380,196,TRIGGERED_BY,1088
65,10,ALLEVIATES,1089
120,21,ALLEVIATES,1090
9,112,TRIGGERED_BY,1091
32,112,TRIGGERED_BY,1091
65,112,MANAGED_BY,1091
203,112,MANAGED_BY,1091
101,112,HELPED_BY,1091
8,10,TREATED_BY,1092
8,47,TREATED_BY,1092
460,10,MANAGED_BY,1092
52,10,MANAGED_BY,1092
119,461,TARGETS,1093
462,333,HELPED_BY,1094
120,333,MANAGED_BY,1094
9,333,WORSENED_BY,1095
65,333,MANAGED_BY,1095
9,10,WORSENED_BY,1098
23,10,HELPED_BY,1098
38,10,HELPED_BY,1098
464,10,TREATED_BY,1098
120,10,MANAGED_BY,1098
17,196,MANAGED_BY,1100
45,196,MANAGED_BY,1100
77,196,MANAGED_BY,1100
17,6,HELPED_BY,1100
45,6,HELPED_BY,1100
77,6,HELPED_BY,1100
65,196,MANAGED_BY,1100
333,465,RELATED_TO,1103
465,65,MANAGED_BY,1103
334,353,RELATED_TO,1104
353,65,HELPED_BY,1104
353,52,HELPED_BY,1104
353,8,TREATED_BY,1104
334,8,MANAGED_BY,1104
23,465,ALLEVIATES,1108
101,465,ALLEVIATES,1108
14,465,TARGETS,1108
14,203,TARGETS,1108
465,203,MANAGED_BY,1108
303,9,TRIGGERED_BY,1110
9,163,TRIGGERED_BY,1111
52,196,TARGETS,1111
52,333,MANAGED_BY,1111
196,465,RELATED_TO,1112
97,334,TARGETS,1112
203,465,TARGETS,1112
97,97,REFERENCES_INTERVENTION,1112
65,65,SUGGESTS_STRATEGY,1113
52,334,MANAGED_BY,1113
8,8,REFERENCES_INTERVENTION,1115
14,14,REFERENCES_INTERVENTION,1115
52,52,SUGGESTS_STRATEGY,1115
203,203,SUGGESTS_STRATEGY,1115
333,52,MANAGED_BY,1124
303,333,RELATED_TO,1124
10,97,TREATED_BY,1127
22,97,TREATED_BY,1127
337,22,ALLEVIATES,1127
8,52,SUGGESTS_STRATEGY,1130
10,8,TREATED_BY,1131
10,23,TREATED_BY,1131
10,32,TRIGGERED_BY,1131
52,32,TARGETS,1131
353,32,TRIGGERED_BY,1132
465,52,MANAGED_BY,1134
465,14,TREATED_BY,1134
52,465,SUGGESTS_STRATEGY,1134
203,52,HELPED_BY,1134
465,333,TRIGGERED_BY,1135
10,333,TRIGGERED_BY,1135
8,465,SUGGESTS_STRATEGY,1135
465,361,TRIGGERED_BY,1137
465,20,TRIGGERED_BY,1137
10,465,RELATED_TO,1137
13,465,RELATED_TO,1137
465,32,TRIGGERED_BY,1139
3,20,TRIGGERED_BY,1141
465,3,RELATED_TO,1141
359,465,TARGETS,1141
359,32,REFERENCES_INTERVENTION,1141
465,9,TRIGGERED_BY,1143
465,19,RELATED_TO,1144
465,71,TRIGGERED_BY,1144
13,3,RELATED_TO,1145
13,8,TREATED_BY,1145
353,333,TRIGGERED_BY,1146
359,353,TARGETS,1146
359,333,TARGETS,1146
52,353,ALLEVIATES,1146
359,8,REFERENCES_INTERVENTION,1146
465,336,RELATED_TO,1147
303,465,TRIGGERED_BY,1147
203,303,ALLEVIATES,1147
52,303,ALLEVIATES,1147
23,336,ALLEVIATES,1147
23,353,ALLEVIATES,1148
359,52,REFERENCES_INTERVENTION,1149
13,359,TREATED_BY,1150
9,466,RELATED_TO,1152
52,466,ALLEVIATES,1152
23,466,ALLEVIATES,1152
203,9,ALLEVIATES,1152
203,466,ALLEVIATES,1152
14,8,REFERENCES_INTERVENTION,1153
14,23,REFERENCES_INTERVENTION,1153
336,303,TRIGGERED_BY,1154
52,336,TARGETS,1154
203,336,TARGETS,1154
293,336,TARGETS,1154
97,52,TARGETS,1154
97,203,TARGETS,1154
334,336,RELATED_TO,1157
293,334,TARGETS,1157
203,334,TARGETS,1157
334,32,RELATED_TO,1158
293,32,TARGETS,1158
97,465,TARGETS,1159
97,8,REFERENCES_INTERVENTION,1159
336,20,TRIGGERED_BY,1160
10,20,WORSENED_BY,1160
13,20,WORSENED_BY,1160
52,13,TARGETS,1160
52,7,SUGGESTS_STRATEGY,1161
359,7,SUGGESTS_STRATEGY,1161
359,9,REFERENCES_INTERVENTION,1162
65,465,SUGGESTS_STRATEGY,1163
353,465,RELATED_TO,1167
9,465,RELATED_TO,1167
14,52,SUGGESTS_STRATEGY,1173
333,8,MANAGED_BY,1175
333,23,MANAGED_BY,1175
333,359,MANAGED_BY,1176
97,23,SUGGESTS_STRATEGY,1178
97,359,SUGGESTS_STRATEGY,1179
97,14,SUGGESTS_STRATEGY,1179
13,14,TREATED_BY,1192
353,20,TRIGGERED_BY,1193
9,8,TREATED_BY,1194
8,337,SUGGESTS_STRATEGY,1194
23,196,ALLEVIATES,1196
196,14,TREATED_BY,1196
196,333,RELATED_TO,1198
203,196,ALLEVIATES,1198
337,465,HELPED_BY,1201
8,336,TARGETS,1201
65,353,TARGETS,1206
3,465,RELATED_TO,1208
71,196,TRIGGERED_BY,1210
52,71,ALLEVIATES,1210
337,23,RELATED_TO,1211
3,333,RELATED_TO,1212
9,361,TRIGGERED_BY,1213
23,8,REFERENCES_INTERVENTION,1213
32,20,TRIGGERED_BY,1214
65,14,SUGGESTS_STRATEGY,1214
196,3,RELATED_TO,1216
10,361,TRIGGERED_BY,1220
19,333,TRIGGERED_BY,1220
9,19,RELATED_TO,1220
97,47,ALLEVIATES,1221
387,465,TRIGGERED_BY,1224
387,9,TRIGGERED_BY,1224
32,103,TRIGGERED_BY,1226
386,22,TRIGGERED_BY,1228
386,9,TRIGGERED_BY,1228
386,10,TRIGGERED_BY,1228
14,353,TARGETS,1229
10,303,TRIGGERED_BY,1232
3,361,RELATED_TO,1233
92,3,HELPS,1233
337,3,HELPS,1233
10,3,RELATED_TO,1237
465,7,RELATED_TO,1245
97,7,TARGETS,1245
26,27,RELATED_TO,1247
26,10,RELATED_TO,1247
27,10,RELATED_TO,1247
97,26,TARGETS,1247
6,3,RELATED_TO,1251
467,465,TARGETS,1251
77,465,TARGETS,1251
4,3,RELATED_TO,1252
48,3,RELATED_TO,1252
467,4,TARGETS,1252
467,6,TARGETS,1252
467,48,TARGETS,1252
13,336,WORSENED_BY,1255
203,13,ALLEVIATES,1257
468,196,TRIGGERED_BY,1262
303,10,WORSENED_BY,1265
336,465,RELATED_TO,1265
23,303,ALLEVIATES,1268
465,10,TRIGGERED_BY,1270
465,13,TRIGGERED_BY,1270
469,10,TARGETS,1272
469,333,TARGETS,1272
23,23,SUGGESTS_STRATEGY,1272
469,469,SUGGESTS_STRATEGY,1272
359,359,SUGGESTS_STRATEGY,1276
52,20,TARGETS,1280
23,92,SUGGESTS_STRATEGY,1281
23,337,SUGGESTS_STRATEGY,1281
9,32,TRIGGERED_BY,1282
10,334,RELATED_TO,1283
9,334,TRIGGERED_BY,1284
22,10,RELATED_TO,1286
38,22,ALLEVIATES,1286
470,465,TRIGGERED_BY,1292
470,9,RELATED_TO,1292
23,470,ALLEVIATES,1292
357,465,ALLEVIATES,1292
357,470,ALLEVIATES,1292
10,7,RELATED_TO,1293
333,7,RELATED_TO,1296
7,353,RELATED_TO,1298
97,353,ALLEVIATES,1298
7,336,RELATED_TO,1300
196,32,RELATED_TO,1300
31,336,HELPED_BY,1302
182,465,ALLEVIATES,1303
31,333,HELPED_BY,1303
13,52,MANAGED_BY,1304
13,31,TREATED_BY,1304
361,465,TRIGGERED_BY,1306
361,9,TRIGGERED_BY,1306
9,52,MANAGED_BY,1307
10,52,MANAGED_BY,1307
71,52,MANAGED_BY,1310
77,26,HELPED_BY,1311
77,27,HELPED_BY,1311
359,26,TARGETS,1315
20,465,TRIGGERED_BY,1320
287,22,TARGETS,1321
471,22,TARGETS,1321
471,8,REFERENCES_INTERVENTION,1321
471,23,REFERENCES_INTERVENTION,1321
465,472,TRIGGERED_BY,1322
28,465,ALLEVIATES,1322
287,465,TARGETS,1322
287,52,SUGGESTS_STRATEGY,1322
473,355,HELPED_BY,1323
355,474,TARGETS,1323
473,9,ALLEVIATES,1324
473,310,ALLEVIATES,1324
473,353,ALLEVIATES,1324
355,9,ALLEVIATES,1324
355,310,ALLEVIATES,1324
355,353,ALLEVIATES,1324
473,52,HELPED_BY,1324
473,465,ALLEVIATES,1325
8,203,SUGGESTS_STRATEGY,1326
65,473,MANAGED_BY,1326
419,3,ALLEVIATES,1327
9,472,TRIGGERED_BY,1329
336,472,TRIGGERED_BY,1329
20,333,TRIGGERED_BY,1331
92,333,MANAGED_BY,1332
65,23,SUGGESTS_STRATEGY,1339
3,97,TREATED_BY,1340
13,23,HELPED_BY,1343
3,77,HELPED_BY,1345
71,465,RELATED_TO,1347
10,203,MANAGED_BY,1347
336,52,MANAGED_BY,1350
203,23,HELPED_BY,1350
52,203,TARGETS,1350
8,14,REFERENCES_INTERVENTION,1355
465,124,TRIGGERED_BY,1358
465,359,HELPED_BY,1366
333,92,MANAGED_BY,1366
3,14,TREATED_BY,1367
3,52,MANAGED_BY,1367
3,359,MANAGED_BY,1368
3,65,MANAGED_BY,1368
353,14,TREATED_BY,1369
22,8,TREATED_BY,1370
10,65,HELPED_BY,1370
22,65,HELPED_BY,1370
10,14,TREATED_BY,1370
22,14,TREATED_BY,1370
334,333,RELATED_TO,1377
66,334,MANAGED_BY,1377
353,9,TRIGGERED_BY,1384
353,10,TRIGGERED_BY,1384
303,334,RELATED_TO,1386
7,465,WORSENED_BY,1388
20,353,TRIGGERED_BY,1389
334,14,REFERENCES_INTERVENTION,1392
20,7,RELATED_TO,1393
97,66,SUGGESTS_STRATEGY,1394
97,77,SUGGESTS_STRATEGY,1396
99,336,RELATED_TO,1401
465,353,RELATED_TO,1406
203,353,ALLEVIATES,1406
336,196,TRIGGERED_BY,1407
337,203,HELPS_BY,1409
3,336,WORSENED_BY,1412
336,14,TREATED_BY,1412
475,336,TARGETS,1412
14,475,SUGGESTS_STRATEGY,1412
476,470,RELATED_TO,1413
52,476,TARGETS,1413
357,476,HELPED_BY,1413
475,465,ALLEVIATES,1414
475,9,ALLEVIATES,1414
361,132,TRIGGERED_BY,1415
475,132,TARGETS,1415
38,132,TARGETS,1415
475,10,ALLEVIATES,1418
77,336,ALLEVIATES,1419
10,477,TREATED_BY,1420
465,316,TRIGGERED_BY,1420
10,124,TRIGGERED_BY,1422
357,9,ALLEVIATES,1423
337,19,ALLEVIATES,1426
357,19,ALLEVIATES,1426
359,19,ALLEVIATES,1426
14,357,SUGGESTS_STRATEGY,1427
14,337,SUGGESTS_STRATEGY,1427
92,465,ALLEVIATES,1430
20,32,TRIGGERED_BY,1431
371,13,WORSENED_BY,1433
9,65,HELPED_BY,1434
7,97,TREATED_BY,1438
7,23,HELPED_BY,1438
7,52,HELPED_BY,1438
205,466,RELATED_TO,1442
205,124,TRIGGERED_BY,1442
205,32,TRIGGERED_BY,1442
38,205,ALLEVIATES,1442
14,205,TARGETS,1442
14,466,TARGETS,1442
478,32,ALLEVIATES,1443
154,32,ALLEVIATES,1443
478,205,ALLEVIATES,1443
154,205,ALLEVIATES,1443
478,466,ALLEVIATES,1443
154,466,ALLEVIATES,1443
73,333,ALLEVIATES,1445
479,333,ALLEVIATES,1445
7,333,TRIGGERED_BY,1450
419,333,ALLEVIATES,1450
337,4,ALLEVIATES,1455
203,333,MANAGES,1460
92,65,RELATED_TO,1466
65,8,SUGGESTS_STRATEGY,1474
65,92,SUGGESTS_STRATEGY,1478
13,361,TRIGGERED_BY,1484
465,8,TREATED_BY,1490
101,101,SUGGESTS_STRATEGY,1511
114,114,SUGGESTS_STRATEGY,1511
482,29,WORSENED_BY,1512
483,29,WORSENED_BY,1512
482,13,WORSENED_BY,1512
483,13,WORSENED_BY,1512
482,10,WORSENED_BY,1512
483,10,WORSENED_BY,1512
484,482,ALLEVIATES,1512
484,484,SUGGESTS_STRATEGY,1512
485,333,ALLEVIATES,1513
183,333,ALLEVIATES,1513
486,465,ALLEVIATES,1513
31,31,SUGGESTS_STRATEGY,1513
485,485,SUGGESTS_STRATEGY,1513
183,183,SUGGESTS_STRATEGY,1513
486,486,SUGGESTS_STRATEGY,1513
333,353,TRIGGERED_BY,1515
52,19,TARGETS,1515
487,353,ALLEVIATES,1515
487,6,ALLEVIATES,1515
488,333,ALLEVIATES,1516
488,10,ALLEVIATES,1516
488,488,SUGGESTS_STRATEGY,1516
490,333,ALLEVIATES,1517
490,490,REFERENCES_INTERVENTION,1517
361,446,WORSENED_BY,1518
23,446,ALLEVIATES,1518
8,446,ALLEVIATES,1518
491,446,ALLEVIATES,1518
491,7,ALLEVIATES,1518
492,7,ALLEVIATES,1519
492,29,ALLEVIATES,1519
492,492,SUGGESTS_STRATEGY,1519
31,446,ALLEVIATES,1520
493,7,TRIGGERED_BY,1521
493,29,TRIGGERED_BY,1521
255,7,SUGGESTS_STRATEGY,1521
255,29,SUGGESTS_STRATEGY,1521
120,7,HELPED_BY,1521
120,29,HELPED_BY,1521
79,336,TARGETS,1522
255,336,TARGETS,1522
333,29,RELATED_TO,1523
494,29,ALLEVIATES,1523
494,333,ALLEVIATES,1523
494,3,ALLEVIATES,1524
494,6,ALLEVIATES,1524
495,333,TRIGGERED_BY,1525
333,99,TRIGGERED_BY,1525
333,496,TRIGGERED_BY,1526
52,496,ALLEVIATES,1526
65,496,ALLEVIATES,1526
495,29,TRIGGERED_BY,1527
495,6,TRIGGERED_BY,1527
31,29,ALLEVIATES,1527
255,333,ALLEVIATES,1528
23,132,ALLEVIATES,1530
100,333,ALLEVIATES,1530
100,132,ALLEVIATES,1530
52,132,ALLEVIATES,1530
6,32,TRIGGERED_BY,1532
102,32,TRIGGERED_BY,1532
23,102,TARGETS,1532
52,102,TARGETS,1532
303,353,TRIGGERED_BY,1545
10,353,RELATED_TO,1545
23,52,RELATED_TO,1548
160,7,RELATED_TO,1549
160,336,RELATED_TO,1549
8,160,TARGETS,1549
52,160,SUGGESTS_STRATEGY,1549
23,160,ALLEVIATES,1549
446,7,TRIGGERED_BY,1550
359,446,SUGGESTS_STRATEGY,1550
65,446,SUGGESTS_STRATEGY,1550
8,32,TARGETS,1553
23,32,TARGETS,1553
97,337,SUGGESTS_STRATEGY,1555
357,10,ALLEVIATES,1558
357,22,ALLEVIATES,1558
97,22,TREATED_BY,1558
97,357,SUGGESTS_STRATEGY,1558
10,497,TRIGGERED_BY,1564
13,497,TRIGGERED_BY,1564
337,13,TARGETS,1564
97,498,TARGETS,1571
70,10,ALLEVIATES,1572
70,465,ALLEVIATES,1572
101,34,ALLEVIATES,1573
13,7,WORSENED_BY,1574
7,3,RELATED_TO,1578
10,19,RELATED_TO,1579
13,19,RELATED_TO,1579
8,334,ALLEVIATES,1582
23,334,ALLEVIATES,1582
196,65,MANAGED_BY,1582
7,65,MANAGED_BY,1583
196,52,MANAGED_BY,1589
361,196,TRIGGERED_BY,1590
359,196,ALLEVIATES,1594
333,334,WORSENED_BY,1596
14,322,TARGETS,1601
28,65,RELATED_TO,1606
322,9,RELATED_TO,1608
97,322,TARGETS,1610
500,499,RELATED_TO,1622
290,499,RELATED_TO,1622
352,501,RELATED_TO,1623
97,352,TARGETS,1623
70,3,HELPED_BY,1623
70,352,HELPED_BY,1623
502,503,RELATED_TO,1624
502,21,RELATED_TO,1624
502,196,RELATED_TO,1624
504,503,ALLEVIATES,1624
504,21,ALLEVIATES,1624
333,505,RELATED_TO,1625
34,336,RELATED_TO,1626
506,502,RELATED_TO,1627
10,506,TRIGGERED_BY,1627
47,506,TRIGGERED_BY,1627
101,47,ALLEVIATES,1627
271,10,RELATED_TO,1629
271,13,RELATED_TO,1629
72,507,RELATED_TO,1631
97,72,TARGETS,1631
97,507,TARGETS,1631
10,507,RELATED_TO,1637
65,72,ALLEVIATES,1637
359,65,SUGGESTS_STRATEGY,1637
359,23,SUGGESTS_STRATEGY,1638
197,75,ALLEVIATES,1641
197,6,ALLEVIATES,1641
508,6,ALLEVIATES,1641
509,160,TARGETS,1642
184,333,ALLEVIATES,1644
23,322,ALLEVIATES,1645
8,26,TARGETS,1645
131,75,TARGETS,1645
131,26,TARGETS,1645
23,320,ALLEVIATES,1646
184,320,ALLEVIATES,1646
184,10,ALLEVIATES,1646
511,320,ALLEVIATES,1646
511,10,ALLEVIATES,1646
23,510,MANAGED_BY,1646
184,510,MANAGED_BY,1646
511,510,MANAGED_BY,1646
92,336,TARGETS,1652
92,7,ALLEVIATES,1660
513,6,ALLEVIATES,1661
3,31,TREATED_BY,1662
3,281,TREATED_BY,1662
117,10,TRIGGERED_BY,1667
10,469,TREATED_BY,1667
14,514,ALLEVIATES,1668
31,6,ALLEVIATES,1669
9,7,TRIGGERED_BY,1683
77,353,ALLEVIATES,1685
77,203,TARGETS,1685
32,9,TRIGGERED_BY,1691
19,9,WORSENED_BY,1699
124,353,TRIGGERED_BY,1713
32,353,RELATED_TO,1714
124,7,TRIGGERED_BY,1717
32,7,TRIGGERED_BY,1717
196,518,TRIGGERED_BY,1721
353,518,TRIGGERED_BY,1721
333,97,TREATED_BY,1721
196,97,TREATED_BY,1721
196,8,TREATED_BY,1721
333,14,TREATED_BY,1723
7,14,TREATED_BY,1723
9,14,MANAGED_BY,1723
196,23,HELPED_BY,1723
353,97,TARGETS,1724
353,23,ALLEVIATES,1724
203,8,HELPED_BY,1724
7,361,TRIGGERED_BY,1725
196,361,TRIGGERED_BY,1725
336,97,TREATED_BY,1730
361,22,TRIGGERED,1731
196,13,TRIGGERED,1733
196,353,RELATED_TO,1736
196,9,RELATED_TO,1737
361,353,TRIGGERED,1738
120,3,HELPED_BY,1754
519,9,TRIGGERED_BY,1756
519,10,TRIGGERED_BY,1756
3,8,TREATED_BY,1761
3,23,HELPED_BY,1761
6,120,HELPED_BY,1763
353,120,HELPED_BY,1763
10,337,HELPED_BY,1764
465,77,HELPED_BY,1766
465,23,HELPED_BY,1766
465,337,HELPED_BY,1767
465,97,HELPED_BY,1768
353,3,RELATED_TO,1768
9,61,MANAGED_BY,1769
19,61,MANAGED_BY,1769
19,65,MANAGED_BY,1769
334,465,RELATED_TO,1777
334,19,WORSENED_BY,1778
196,336,RELATED_TO,1789
520,10,TRIGGERED_BY,1791
445,10,TRIGGERED_BY,1796
444,10,TRIGGERED_BY,1796
359,13,ALLEVIATES,1809
13,9,RELATED_TO,1810
23,14,RELATED_TO,1827
203,7,TARGETS,1833
357,7,ALLEVIATES,1835
92,75,ALLEVIATES,1842
13,65,MANAGED_BY,1842
75,3,RELATED_TO,1844
3,92,MANAGED_BY,1844
336,333,WORSENED_BY,1847
10,521,TRIGGERED_BY,1849
9,71,RELATED_TO,1852
9,336,RELATED_TO,1852
337,337,SUGGESTS_STRATEGY,1859
10,522,TRIGGERED_BY,1861
26,522,TRIGGERED_BY,1861
10,101,HELPED_BY,1862
26,97,TREATED_BY,1863
465,120,HELPED_BY,1866
10,120,HELPED_BY,1866
353,13,RELATED_TO,1868
19,380,TRIGGERED_BY,1869
333,380,RELATED_TO,1869
10,523,TRIGGERED_BY,1870
26,523,TRIGGERED_BY,1870
465,523,TRIGGERED_BY,1870
65,52,HELPS,1879
77,333,ALLEVIATES,1888
3,196,RELATED_TO,1899
6,14,TREATED_BY,1905
18,85,ALLEVIATES,1907
18,444,ALLEVIATES,1907
23,444,ALLEVIATES,1907
97,32,REFERENCES_INTERVENTION,1911
77,52,SUGGESTS_STRATEGY,1925
32,196,TRIGGERS,1929
38,65,RELATED_TO,1931
87,65,MANAGED_BY,1931
84,471,MANAGED_BY,1932
84,419,MANAGED_BY,1932
471,525,TARGETS,1932
419,525,TARGETS,1932
471,526,SUGGESTS_STRATEGY,1932
419,526,SUGGESTS_STRATEGY,1932
527,48,TRIGGERED_BY,1933
101,48,ALLEVIATES,1933
14,69,SUGGESTS_STRATEGY,1933
528,6,TRIGGERED_BY,1934
528,47,TRIGGERED_BY,1934
528,27,TRIGGERED_BY,1934
69,47,TARGETS,1934
10,529,RELATED_TO,1935
15,18,SUGGESTS_STRATEGY,1935
15,77,SUGGESTS_STRATEGY,1935
333,66,MANAGED_BY,1936
333,530,MANAGED_BY,1936
531,26,TRIGGERED_BY,1937
63,26,RELATED_TO,1937
78,66,MANAGED_BY,1937
78,419,MANAGED_BY,1937
63,66,MANAGED_BY,1937
63,419,MANAGED_BY,1937
65,66,SUGGESTS_STRATEGY,1938
65,120,SUGGESTS_STRATEGY,1938
65,532,SUGGESTS_STRATEGY,1938
533,320,TRIGGERED_BY,1939
533,29,TRIGGERED_BY,1939
107,320,TARGETS,1939
107,29,TARGETS,1939
65,320,TARGETS,1939
97,320,TARGETS,1939
97,107,SUGGESTS_STRATEGY,1939
138,102,TRIGGERED_BY,1940
138,320,TRIGGERED_BY,1940
138,87,TARGETS,1940
336,23,HELPED_BY,1942
163,322,TRIGGERED_BY,1951
336,322,RELATED_TO,1952
196,322,RELATED_TO,1952
52,163,SUGGESTS_STRATEGY,1953
52,322,ALLEVIATES,1953
163,336,RELATED_TO,1956
361,163,RELATED_TO,1956
6,8,TREATED_BY,1958
9,20,TRIGGERED_BY,1974
9,534,WORSENED_BY,1975
534,32,TRIGGERED_BY,1978
10,534,RELATED_TO,1978
23,534,ALLEVIATES,1978
337,534,ALLEVIATES,1978
535,196,TRIGGERED_BY,1981
317,9,WORSENED_BY,1990
317,10,WORSENED_BY,1990
38,465,ALLEVIATES,1994
337,196,MANAGED_BY,1997
6,10,RELATED_TO,2000
32,465,RELATED_TO,2002
196,359,MANAGED_BY,2011
8,97,REFERENCES_INTERVENTION,2013
23,97,REFERENCES_INTERVENTION,2013
386,465,TRIGGERS,2018
97,386,REFERENCES_INTERVENTION,2018
196,20,WORSENED_BY,2024
92,196,ALLEVIATES,2028
203,3,ALLEVIATES,2028
196,539,RELATED_TO,2029
465,539,RELATED_TO,2029
203,539,TARGETS,2029
75,13,RELATED_TO,2049
26,13,RELATED_TO,2049
75,10,RELATED_TO,2049
7,334,TRIGGERED_BY,2057
353,334,RELATED_TO,2057
10,540,TRIGGERED_BY,2058
13,540,TRIGGERED_BY,2058
10,541,RELATED_TO,2062
10,359,TREATED_BY,2062
333,336,RELATED_TO,2063
3,120,HELPED_BY,2064
22,23,HELPED_BY,2065
103,8,TREATED_BY,2065
103,23,HELPED_BY,2065
10,196,RELATED_TO,2067
9,196,RELATED_TO,2067
465,38,HELPED_BY,2068
542,3,TRIGGERED_BY,2070
542,52,HELPED_BY,2070
542,38,HELPED_BY,2070
543,9,RELATED_TO,2071
543,10,RELATED_TO,2071
361,336,WORSENED_BY,2080
544,10,TRIGGERED_BY,2081
544,9,TRIGGERED_BY,2081
258,465,TRIGGERED_BY,2086
544,465,TRIGGERED_BY,2088
52,59,ALLEVIATES,2091
361,47,TRIGGERED_BY,2092
361,59,TRIGGERED_BY,2092
387,71,TRIGGERED_BY,2093
28,71,ALLEVIATES,2093
65,28,RELATED_TO,2093
102,353,RELATED_TO,2094
334,7,TRIGGERED_BY,2096
52,65,RELATED_TO,2099
160,8,TREATED_BY,2106
160,23,TREATED_BY,2106
160,38,HELPED_BY,2106
322,14,TREATED_BY,2109
545,10,RELATED_TO,2109
545,13,RELATED_TO,2109
92,22,ALLEVIATES,2118
32,336,TRIGGERED_BY,2129
361,13,TRIGGERED_BY,2130
92,353,HELPED_BY,2132
337,353,HELPED_BY,2132
65,22,ALLEVIATES,2139
13,97,TREATED_BY,2140
18,13,TARGETS,2141
9,120,HELPED_BY,2143
184,6,ALLEVIATES,2144
336,65,MANAGED_BY,2144
336,66,MANAGED_BY,2144
336,184,MANAGED_BY,2144
336,120,MANAGED_BY,2144
3,15,TREATED_BY,2145
3,17,TREATED_BY,2145
10,71,TRIGGERED_BY,2146
10,15,MANAGED_BY,2146
547,4,ALLEVIATES,2147
547,75,ALLEVIATES,2147
319,4,ALLEVIATES,2147
4,364,RELATED_TO,2148
47,364,RELATED_TO,2148
132,364,RELATED_TO,2148
4,65,HELPED_BY,2148
47,65,HELPED_BY,2148
132,65,HELPED_BY,2148
4,333,RELATED_TO,2148
47,333,RELATED_TO,2148
132,333,RELATED_TO,2148
190,361,TRIGGERED_BY,2149
190,10,RELATED_TO,2149
10,38,TREATED_BY,2149
10,18,TREATED_BY,2149
7,71,TRIGGERED_BY,2150
319,7,ALLEVIATES,2150
469,7,ALLEVIATES,2150
97,92,SUGGESTS_STRATEGY,2154
8,65,SUGGESTS_STRATEGY,2158
77,20,ALLEVIATES,2160
359,20,ALLEVIATES,2160
13,333,RELATED_TO,2161
8,228,TARGETS,2163
23,228,ALLEVIATES,2163
120,465,TARGETS,2170
196,6,RELATED_TO,2190
34,10,WORSENED_BY,2200
52,34,TARGETS,2200
6,333,RELATED_TO,2201
465,334,RELATED_TO,2204
6,465,RELATED_TO,2205
6,52,TRIGGERED_BY,2207
465,6,RELATED_TO,2209
158,196,ALLEVIATES,2221
549,9,ALLEVIATES,2222
549,13,ALLEVIATES,2222
549,10,ALLEVIATES,2222
550,9,ALLEVIATES,2222
550,13,ALLEVIATES,2222
550,10,ALLEVIATES,2222
551,13,ALLEVIATES,2225
551,10,ALLEVIATES,2225
552,465,ALLEVIATES,2226
552,196,MANAGED_BY,2226
17,203,HELPED_BY,2227
549,465,ALLEVIATES,2228
386,196,RELATED_TO,2236
77,77,SUGGESTS_STRATEGY,2237
465,386,RELATED_TO,2240
52,386,TARGETS,2240
203,386,TARGETS,2240
120,353,ALLEVIATES,2243
336,353,RELATED_TO,2243
71,20,RELATED_TO,2247
66,65,RELATED_TO,2259
10,418,RELATED_TO,2261
7,160,RELATED_TO,2288
65,160,HELPS,2288
14,160,TARGETS,2288
284,9,ALLEVIATES,2292
182,9,ALLEVIATES,2292
553,333,REFERENCES_INTERVENTION,2294
31,196,TARGETS,2295
19,52,MANAGED_BY,2296
71,65,MANAGED_BY,2297
554,10,TRIGGERED_BY,2298
555,10,TRIGGERED_BY,2304
333,38,MANAGED_BY,2311
465,92,HELPED_BY,2316
9,337,HELPED_BY,2321
179,334,TRIGGERED_BY,2323
334,184,ALLEVIATED_BY,2323
334,66,ALLEVIATED_BY,2323
179,65,ALLEVIATED_BY,2323
465,179,RELATED_TO,2323
481,3,RELATED_TO,2324
10,126,TRIGGERED_BY,2325
3,47,RELATED_TO,2326
47,20,TRIGGERED_BY,2326
47,23,ALLEVIATED_BY,2326
47,337,ALLEVIATED_BY,2326
322,25,TRIGGERED_BY,2327
25,38,ALLEVIATED_BY,2327
9,556,TRIGGERED_BY,2328
322,3,RELATED_TO,2329
322,52,MANAGED_BY,2329
359,334,TARGETS,2349
97,57,TARGETS,2354
20,56,TRIGGERED_BY,2355
7,196,RELATED_TO,2365
465,196,RELATED_TO,2365
359,336,ALLEVIATES,2370
14,77,SUGGESTS_STRATEGY,2371
196,7,RELATED_TO,2379
444,14,TREATED_BY,2401
440,14,TREATED_BY,2401
72,14,TREATED_BY,2401
120,440,ALLEVIATES,2401
120,72,ALLEVIATES,2401
52,72,ALLEVIATES,2401
69,72,ALLEVIATES,2402
69,444,ALLEVIATES,2402
227,465,ALLEVIATES,2403
559,558,ALLEVIATES,2403
8,558,ALLEVIATES,2403
47,465,RELATED_TO,2406
47,97,TREATED_BY,2406
334,97,TARGETS,2406
52,47,ALLEVIATES,2406
334,20,TRIGGERED_BY,2407
47,336,RELATED_TO,2408
353,336,RELATED_TO,2408
184,47,ALLEVIATES,2408
120,196,ALLEVIATES,2409
72,333,TRIGGERED_BY,2410
72,71,TRIGGERED_BY,2410
303,336,TRIGGERED_BY,2426
20,72,TRIGGERED_BY,2431
9,72,TRIGGERED_BY,2435
303,72,TRIGGERED_BY,2439
359,72,HELPED_BY,2439
560,9,TRIGGERED_BY,2441
560,10,TRIGGERED_BY,2441
560,465,TRIGGERED_BY,2441
97,17,SUGGESTS_STRATEGY,2442
158,9,ALLEVIATES,2446
142,10,ALLEVIATES,2449
142,9,ALLEVIATES,2449
8,93,TARGETS,2461
6,218,RELATED_TO,2461
93,218,RELATED_TO,2461
353,361,TRIGGERED_BY,2469
13,32,TRIGGERED_BY,2470
353,203,HELPED_BY,2470
14,92,TARGETS,2477
5,10,TARGETS,2481
128,10,TARGETS,2481
128,13,TARGETS,2481
561,10,RELATED_TO,2481
561,13,RELATED_TO,2481
271,122,RELATED_TO,2483
271,75,RELATED_TO,2483
562,10,TRIGGERED_BY,2484
563,10,TRIGGERED_BY,2485
563,34,TRIGGERED_BY,2485
518,103,TRIGGERED_BY,2485
38,103,HELPED_BY,2485
564,10,TRIGGERED_BY,2486
565,10,TRIGGERED_BY,2486
361,328,TRIGGERED_BY,2487
361,93,TRIGGERED_BY,2487
126,10,TRIGGERED_BY,2488
419,203,HELPED_BY,2491
419,465,HELPED_BY,2492
387,353,WORSENED_BY,2495
52,22,ALLEVIATES,2500
203,228,TARGETS,2505
10,566,TRIGGERED_BY,2511
47,567,TRIGGERED_BY,2512
10,567,TRIGGERED_BY,2513
99,567,TRIGGERED_BY,2513
99,10,PERPETUATES,2514
26,568,TRIGGERED_BY,2515
333,568,TRIGGERED_BY,2515
9,568,TRIGGERED_BY,2515
9,66,MANAGED_BY,2515
10,569,RELATED_TO,2516
13,569,RELATED_TO,2516
10,288,RELATED_TO,2516
13,288,RELATED_TO,2516
10,570,HELPED_BY,2516
13,570,HELPED_BY,2516
569,570,HELPED_BY,2516
288,570,HELPED_BY,2516
75,59,TRIGGERED_BY,2517
75,29,TRIGGERED_BY,2517
26,59,TRIGGERED_BY,2517
26,29,TRIGGERED_BY,2517
75,14,HELPED_BY,2517
26,14,HELPED_BY,2517
571,14,HELPED_BY,2518
572,14,HELPED_BY,2518
571,52,HELPED_BY,2518
572,52,HELPED_BY,2518
465,573,TRIGGERED_BY,2519
26,573,TRIGGERED_BY,2519
26,8,HELPED_BY,2519
26,23,HELPED_BY,2519
10,574,TRIGGERED_BY,2520
9,574,TRIGGERED_BY,2520
9,387,TRIGGERED_BY,2521
10,387,TRIGGERED_BY,2521
575,387,TARGETS,2521
9,575,WORSENED_BY,2521
10,575,WORSENED_BY,2521
575,10,TRIGGERED_BY,2521
575,7,TRIGGERED_BY,2521
203,97,HELPED_BY,2525
97,71,TARGETS,2547
13,353,RELATED_TO,2568
10,576,MANAGED_BY,2571
576,10,REFERENCES_INTERVENTION,2571
22,333,RELATED_TO,2574
22,52,MANAGED_BY,2574
10,577,WORSENED_BY,2575
353,577,TRIGGERED_BY,2575
13,578,RELATED_TO,2577
13,337,HELPED_BY,2577
14,578,REFERENCES_INTERVENTION,2577
13,131,TREATED_BY,2578
131,13,SUGGESTS_STRATEGY,2578
52,579,TARGETS,2591
69,579,TARGETS,2592
120,579,HELPED_BY,2592
14,240,HELPED_BY,2595
14,444,HELPED_BY,2595
120,240,HELPED_BY,2595
120,444,HELPED_BY,2595
65,240,HELPED_BY,2595
65,444,HELPED_BY,2595
97,120,SUGGESTS_STRATEGY,2597
333,337,MANAGED_BY,2608
37,10,RELATED_TO,2618
333,31,MANAGED_BY,2619
337,65,SUGGESTS_STRATEGY,2627
32,49,TRIGGERED_BY,2630
8,49,TARGETS,2630
337,49,ALLEVIATES,2630
203,32,ALLEVIATES,2633
8,23,SUGGESTS_STRATEGY,2642
18,465,ALLEVIATES,2643
465,580,RELATED_TO,2645
14,580,REFERENCES_INTERVENTION,2645
580,203,HELPED_BY,2645
460,465,ALLEVIATES,2646
14,460,SUGGESTS_STRATEGY,2646
70,336,ALLEVIATES,2647
18,334,ALLEVIATES,2648
66,581,ALLEVIATES,2649
460,581,ALLEVIATES,2649
66,303,ALLEVIATES,2650
59,9,TRIGGERED_BY,2651
59,465,TRIGGERED_BY,2657
65,208,ALLEVIATES,2665
14,208,TARGETS,2665
353,445,TRIGGERED_BY,2669
208,445,TRIGGERED_BY,2669
209,353,ALLEVIATES,2669
209,3,ALLEVIATES,2670
9,124,TRIGGERED_BY,2671
203,71,TARGETS,2677
10,69,HELPED_BY,2682
13,69,HELPED_BY,2682
9,69,HELPED_BY,2682
158,69,SUGGESTS_STRATEGY,2682
37,14,TREATED_BY,2686
8,69,SUGGESTS_STRATEGY,2687
23,69,SUGGESTS_STRATEGY,2687
465,158,HELPED_BY,2689
97,69,SUGGESTS_STRATEGY,2690
196,334,RELATED_TO,2695
14,37,REFERENCES_INTERVENTION,2701
158,37,REFERENCES_INTERVENTION,2701
65,37,MANAGED_BY,2701
359,37,MANAGED_BY,2701
10,582,TRIGGERED_BY,2702
509,333,MANAGED_BY,2703
509,465,ALLEVIATES,2703
160,583,TRIGGERED_BY,2704
23,540,ALLEVIATES,2704
66,540,ALLEVIATES,2704
160,540,RELATED_TO,2704
586,585,RELATED_TO,2705
66,585,MANAGED_BY,2705
66,584,ALLEVIATES,2705
23,584,ALLEVIATES,2705
14,584,REFERENCES_INTERVENTION,2705
23,585,MANAGED_BY,2705
361,352,TRIGGERED_BY,2706
497,9,RELATED_TO,2706
7,497,TRIGGERED_BY,2707
509,7,ALLEVIATES,2707
509,6,HELPED_BY,2708
62,7,ALLEVIATES,2714
7,8,TREATED_BY,2728
337,387,ALLEVIATES,2729
23,387,ALLEVIATES,2729
13,334,RELATED_TO,2743
6,65,HELPED_BY,2753
334,6,WORSENED_BY,2755
77,93,HELPED_BY,2756
115,196,TARGETS,2760
115,322,TARGETS,2760
206,322,TRIGGERED_BY,2760
71,361,WORSENED_BY,2764
336,361,WORSENED_BY,2764
465,387,TRIGGERED_BY,2780
92,23,RELATED_TO,2780
97,379,SUGGESTS_STRATEGY,2811
379,196,ALLEVIATES,2811
472,465,TRIGGERED_BY,2822
472,4,TRIGGERED_BY,2822
203,4,ALLEVIATES,2822
31,465,HELPED_BY,2822
587,465,ALLEVIATES,2825
238,465,ALLEVIATES,2825
62,151,ALLEVIATES,2826
62,27,ALLEVIATES,2826
588,151,ALLEVIATES,2826
588,27,ALLEVIATES,2826
71,26,TRIGGERED_BY,2827
71,412,TRIGGERED_BY,2827
52,412,ALLEVIATES,2827
589,10,TARGETS,2828
589,13,TARGETS,2828
509,10,HELPED_BY,2828
509,13,HELPED_BY,2828
590,9,TRIGGERED_BY,2829
590,10,TRIGGERED_BY,2829
590,465,TRIGGERED_BY,2829
255,26,ALLEVIATES,2830
591,196,ALLEVIATES,2830
32,8,TREATED_BY,2833
32,23,TREATED_BY,2833
32,14,TREATED_BY,2833
592,52,TARGETS,2839
303,97,MANAGED_BY,2840
65,203,TARGETS,2841
65,47,ALLEVIATES,2848
6,316,TRIGGERED_BY,2853
387,336,WORSENED_BY,2854
7,20,TRIGGERED_BY,2859
316,353,WORSENED_BY,2859
6,9,RELATED_TO,2861
361,6,TRIGGERED_BY,2866
465,329,RELATED_TO,2872
19,329,RELATED_TO,2872
329,42,TRIGGERED_BY,2872
329,97,MANAGED_BY,2872
19,97,MANAGED_BY,2872
9,561,TRIGGERED_BY,2881
10,561,TRIGGERED_BY,2881
419,196,ALLEVIATES,2883
333,419,MANAGED_BY,2886
595,594,TREATED_BY,2887
594,461,RELATED_TO,2888
97,594,TARGETS,2888
594,466,TRIGGERED_BY,2888
14,594,TARGETS,2889
52,594,ALLEVIATES,2889
203,594,ALLEVIATES,2889
419,10,ALLEVIATES,2890
419,594,ALLEVIATES,2890
52,75,ALLEVIATES,2891
97,75,ALLEVIATES,2891
596,52,SUGGESTS_STRATEGY,2911
597,387,WORSENED_BY,2912
10,37,RELATED_TO,2912
597,37,RELATED_TO,2912
6,7,WORSENED_BY,2913
361,52,MANAGED_BY,2930
10,463,TRIGGERED_BY,2933
102,333,TRIGGERED_BY,2934
65,102,ALLEVIATES,2934
463,333,WORSENED_BY,2940
9,463,WORSENED_BY,2940
19,463,TRIGGERED_BY,2940
333,361,TRIGGERED_BY,2941
334,361,TRIGGERED_BY,2942
334,52,MANAGED_BY,2949
52,205,ALLEVIATES,2951
26,333,TRIGGERED_BY,2952
359,59,ALLEVIATES,2955
59,333,RELATED_TO,2956
10,598,TRIGGERED_BY,2957
353,71,RELATED_TO,2993
336,334,RELATED_TO,2994
353,196,RELATED_TO,3000
92,92,SUGGESTS_STRATEGY,3004
334,49,TRIGGERED_BY,3011
334,211,TRIGGERED_BY,3011
334,198,RELATED_TO,3011
599,334,TARGETS,3011
599,49,ALLEVIATES,3011
599,211,ALLEVIATES,3011
599,333,TARGETS,3012
599,10,ALLEVIATES,3012
601,465,TRIGGERED_BY,3013
601,600,WORSENED_BY,3013
208,600,WORSENED_BY,3013
52,600,MANAGED_BY,3013
52,208,ALLEVIATES,3013
65,600,TARGETS,3013
602,10,TRIGGERED_BY,3016
602,13,TRIGGERED_BY,3016
97,182,SUGGESTS_STRATEGY,3019
124,9,TRIGGERED_BY,3023
255,13,SUGGESTS_STRATEGY,3041
255,3,HELPED_BY,3042
255,465,SUGGESTS_STRATEGY,3046
3,49,RELATED_TO,3047
97,49,TARGETS,3047
52,49,ALLEVIATES,3049
283,65,MANAGED_BY,3051
97,283,TARGETS,3051
303,156,TRIGGERED_BY,3053
14,603,TARGETS,3061
14,604,TARGETS,3061
603,606,RELATED_TO,3062
14,605,TARGETS,3062
607,160,RELATED_TO,3064
272,7,RELATED_TO,3064
14,607,TARGETS,3064
14,272,TARGETS,3064
14,190,TARGETS,3065
65,190,TARGETS,3065
66,465,ALLEVIATES,3072
66,19,ALLEVIATES,3072
436,465,ALLEVIATES,3072
436,19,ALLEVIATES,3072
608,465,ALLEVIATES,3072
608,19,ALLEVIATES,3072
122,353,RELATED_TO,3073
93,353,RELATED_TO,3073
609,122,ALLEVIATES,3073
609,93,ALLEVIATES,3073
610,122,ALLEVIATES,3073
610,93,ALLEVIATES,3073
14,609,SUGGESTS_STRATEGY,3073
14,610,SUGGESTS_STRATEGY,3073
355,465,ALLEVIATES,3074
6,303,TRIGGERED_BY,3076
70,303,ALLEVIATES,3076
409,303,TARGETS,3076
409,336,TARGETS,3076
10,611,TRIGGERED_BY,3077
27,71,TRIGGERED_BY,3077
27,611,TRIGGERED_BY,3077
70,333,ALLEVIATES,3079
70,26,ALLEVIATES,3079
70,47,ALLEVIATES,3079
612,333,ALLEVIATES,3079
14,70,SUGGESTS_STRATEGY,3079
70,27,ALLEVIATES,3080
303,52,MANAGED_BY,3086
65,337,SUGGESTS_STRATEGY,3088
22,9,TRIGGERED_BY,3089
22,32,TRIGGERED_BY,3089
10,613,RELATED_TO,3091
32,48,TRIGGERED_BY,3099
32,156,TRIGGERED_BY,3099
48,336,RELATED_TO,3099
156,336,RELATED_TO,3099
8,48,TARGETS,3099
8,156,TARGETS,3099
52,48,TARGETS,3099
52,156,TARGETS,3099
333,203,MANAGED_BY,3104
461,23,HELPED_BY,3106
461,65,HELPED_BY,3106
461,203,HELPED_BY,3106
32,461,RELATED_TO,3106
9,461,RELATED_TO,3106
9,203,MANAGED_BY,3106
71,303,RELATED_TO,3110
303,196,TRIGGERED_BY,3110
9,303,TRIGGERED_BY,3114
465,303,TRIGGERED_BY,3114
19,71,TRIGGERED_BY,3117
52,8,SUGGESTS_STRATEGY,3120
52,14,SUGGESTS_STRATEGY,3120
23,357,HELPED_BY,3122
65,357,HELPED_BY,3122
6,196,RELATED_TO,3133
3,203,HELPED_BY,3143
615,614,SUGGESTS_STRATEGY,3161
616,614,SUGGESTS_STRATEGY,3161
617,614,SUGGESTS_STRATEGY,3161
618,614,REFERENCES_INTERVENTION,3161
66,614,SUGGESTS_STRATEGY,3165
385,10,TRIGGERED_BY,3166
101,203,HELPED_BY,3166
4,13,RELATED_TO,3169
166,13,HELPED_BY,3169
619,13,HELPED_BY,3169
620,10,TRIGGERED_BY,3170
621,10,WORSENED_BY,3170
47,3,WORSENED_BY,3171
622,47,RELATED_TO,3171
622,623,HELPED_BY,3171
10,624,TRIGGERED_BY,3172
10,625,TRIGGERED_BY,3172
626,10,ALLEVIATES,3172
336,70,MANAGED_BY,3172
336,79,MANAGED_BY,3174
336,165,MANAGED_BY,3174
336,627,MANAGED_BY,3174
10,628,TRIGGERED_BY,3175
415,628,TRIGGERED_BY,3175
69,415,ALLEVIATES,3175
47,126,TRIGGERED_BY,3177
21,10,RELATED_TO,3177
10,17,HELPED_BY,3177
10,629,TRIGGERED_BY,3178
59,629,TRIGGERED_BY,3178
132,10,RELATED_TO,3178
59,52,HELPED_BY,3178
50,630,TRIGGERED_BY,3179
50,631,TRIGGERED_BY,3179
50,632,TRIGGERED_BY,3179
21,630,TRIGGERED_BY,3179
21,631,TRIGGERED_BY,3179
21,632,TRIGGERED_BY,3179
21,633,MANAGED_BY,3179
9,59,TRIGGERED_BY,3180
21,9,RELATED_TO,3180
9,634,HELPED_BY,3180
59,634,HELPED_BY,3180
465,69,HELPED_BY,3184
9,238,HELPED_BY,3187
336,166,HELPED_BY,3189
97,45,SUGGESTS_STRATEGY,3192
97,315,REFERENCES_INTERVENTION,3198
210,333,MANAGED_BY,3200
619,23,RELATED_TO,3201
120,23,RELATED_TO,3201
619,97,RELATED_TO,3201
120,97,RELATED_TO,3201
343,22,RELATED_TO,3211
10,92,HELPED_BY,3217
465,546,HELPED_BY,3218
333,546,MANAGED_BY,3218
353,7,RELATED_TO,3227
49,465,RELATED_TO,3251
334,93,RELATED_TO,3261
120,93,TARGETS,3261
65,230,TARGETS,3261
334,75,RELATED_TO,3264
65,75,TARGETS,3264
334,322,TRIGGERED_BY,3265
203,322,ALLEVIATES,3265
635,334,HELPED_BY,3265
635,322,ALLEVIATES,3265
303,47,TRIGGERED_BY,3266
303,466,WORSENED_BY,3266
203,47,HELPED_BY,3266
32,85,RELATED_TO,3267
71,85,RELATED_TO,3267
8,85,TARGETS,3267
77,85,TARGETS,3267
555,196,TRIGGERED_BY,3272
555,465,TRIGGERED_BY,3275
555,13,TRIGGERED_BY,3275
20,334,TRIGGERED_BY,3280
334,303,RELATED_TO,3287
32,303,TRIGGERED_BY,3304
97,303,TARGETS,3307
32,334,RELATED_TO,3308
3,337,HELPED_BY,3330
203,65,HELPS,3336
636,6,TRIGGERED_BY,3341
637,6,ALLEVIATES,3341
638,6,ALLEVIATES,3341
639,7,ALLEVIATES,3342
14,640,SUGGESTS_STRATEGY,3343
640,336,ALLEVIATES,3343
25,26,TRIGGERED_BY,3344
271,26,WORSENED_BY,3344
8,29,ALLEVIATES,3344
333,418,RELATED_TO,3345
92,418,ALLEVIATES,3346
641,228,TRIGGERED_BY,3349
641,465,TRIGGERED_BY,3349
52,228,ALLEVIATES,3349
124,465,TRIGGERED_BY,3350
355,8,REFERENCES_INTERVENTION,3353
196,642,RELATED_TO,3362
465,642,WORSENED_BY,3362
13,196,WORSENED_BY,3365
337,7,ALLEVIATES,3367
10,642,TRIGGERED_BY,3369
359,49,HELPED_BY,3377
97,31,SUGGESTS_STRATEGY,3382
184,334,TARGETS,3383
165,334,TARGETS,3383
645,334,TARGETS,3383
646,10,ALLEVIATES,3384
97,61,SUGGESTS_STRATEGY,3385
165,10,ALLEVIATES,3386
646,465,ALLEVIATES,3386
165,465,ALLEVIATES,3386
97,184,SUGGESTS_STRATEGY,3387
184,196,ALLEVIATES,3387
97,165,REFERENCES_INTERVENTION,3387
165,196,ALLEVIATES,3387
647,9,MANAGED_BY,3389
210,124,TARGETS,3390
648,465,ALLEVIATES,3390
23,649,ALLEVIATES,3395
337,649,ALLEVIATES,3395
23,48,ALLEVIATES,3398
337,48,ALLEVIATES,3398
77,7,ALLEVIATES,3402
336,22,RELATED_TO,3426
459,336,SUGGESTS_STRATEGY,3441
650,336,SUGGESTS_STRATEGY,3441
459,333,SUGGESTS_STRATEGY,3442
387,22,TRIGGERED_BY,3444
14,34,SUGGESTS_STRATEGY,3446
651,10,RELATED_TO,3457
651,32,TRIGGERED_BY,3457
651,3,RELATED_TO,3457
14,651,ALLEVIATES,3457
465,651,TRIGGERED_BY,3458
32,32,TRIGGERED_BY,3470
333,20,RELATED_TO,3476
361,20,TRIGGERED_BY,3478
9,77,HELPED_BY,3506
547,3,TARGETS,3511
143,3,TARGETS,3511
359,547,SUGGESTS_STRATEGY,3511
359,143,SUGGESTS_STRATEGY,3511
387,652,TRIGGERED_BY,3512
652,336,RELATED_TO,3512
653,652,TARGETS,3512
79,652,TARGETS,3512
653,336,TARGETS,3512
652,14,TREATED_BY,3512
333,652,RELATED_TO,3513
73,652,TARGETS,3513
66,652,TARGETS,3513
65,652,TARGETS,3513
79,333,TARGETS,3513
76,13,HELPS_BY,3514
587,13,HELPS_BY,3514
587,10,HELPS_BY,3514
107,465,HELPS_BY,3517
107,3,HELPS_BY,3517
143,465,TARGETS,3517
3,193,RELATED_TO,3518
587,193,HELPS_BY,3518
23,193,HELPS_BY,3518
8,193,HELPS_BY,3518
652,19,RELATED_TO,3519
19,193,RELATED_TO,3519
587,19,ALLEVIATES,3519
60,19,ALLEVIATES,3519
60,193,ALLEVIATES,3519
79,10,TARGETS,3520
79,465,TARGETS,3520
642,9,WORSENED_BY,3521
465,22,RELATED_TO,3526
469,465,ALLEVIATES,3572
353,303,TRIGGERED_BY,3589
654,465,TRIGGERED_BY,3592
32,4,TRIGGERED_BY,3593
361,4,TRIGGERED_BY,3593
333,71,RELATED_TO,3600
138,84,MANAGED_BY,3601
475,196,ALLEVIATES,3602
432,84,HELPED_BY,3602
17,90,ALLEVIATES,3603
108,90,ALLEVIATES,3603
337,38,RELATED_TO,3606
23,655,ALLEVIATES,3606
23,34,ALLEVIATES,3606
432,465,ALLEVIATES,3607
328,3,RELATED_TO,3609
136,196,ALLEVIATES,3612
656,196,ALLEVIATES,3612
657,6,TRIGGERED_BY,3613
182,6,ALLEVIATES,3613
394,6,ALLEVIATES,3613
394,10,ALLEVIATES,3613
336,27,TRIGGERED_BY,3614
303,27,TRIGGERED_BY,3614
658,10,ALLEVIATES,3614
658,27,ALLEVIATES,3614
394,27,ALLEVIATES,3614
658,336,MANAGED_BY,3615
394,336,MANAGED_BY,3615
303,6,TRIGGERED_BY,3616
658,6,ALLEVIATES,3616
97,658,SUGGESTS_STRATEGY,3616
97,394,SUGGESTS_STRATEGY,3616
657,333,TRIGGERED_BY,3617
657,9,WORSENED_BY,3618
394,9,ALLEVIATES,3618
122,13,RELATED_TO,3620
52,27,HELPED_BY,3621
465,47,RELATED_TO,3623
407,196,RELATED_TO,3624
8,407,TARGETS,3624
23,407,TARGETS,3624
465,27,RELATED_TO,3625
465,26,RELATED_TO,3625
70,9,ALLEVIATES,3631
419,9,ALLEVIATES,3631
120,9,HELPED_BY,3658
534,14,TREATED_BY,3675
77,23,RELATED_TO,3696
71,334,RELATED_TO,3697
19,334,TRIGGERED_BY,3697
659,353,ALLEVIATES,3701
7,359,HELPED_BY,3704
52,23,SUGGESTS_STRATEGY,3711
52,77,SUGGESTS_STRATEGY,3711
62,3,ALLEVIATES,3711
13,124,TRIGGERED_BY,3715
13,228,RELATED_TO,3715
539,84,RELATED_TO,3716
14,539,ALLEVIATES,3717
158,539,ALLEVIATES,3717
539,49,RELATED_TO,3718
37,539,RELATED_TO,3718
23,539,ALLEVIATES,3718
5,539,ALLEVIATES,3718
108,539,ALLEVIATES,3718
27,26,RELATED_TO,3719
49,9,RELATED_TO,3722
660,9,TARGETS,3722
661,660,RELATED_TO,3722
662,9,TARGETS,3722
663,664,TRIGGERED_BY,3723
10,664,TRIGGERED_BY,3723
9,664,TRIGGERED_BY,3723
663,9,RELATED_TO,3723
665,9,ALLEVIATES,3723
97,663,TARGETS,3723
666,9,TARGETS,3724
666,10,TARGETS,3724
666,13,TARGETS,3724
667,666,RELATED_TO,3724
19,664,TRIGGERED_BY,3725
665,10,ALLEVIATES,3725
665,19,ALLEVIATES,3725
665,663,ALLEVIATES,3725
661,3,ALLEVIATES,3726
10,668,TRIGGERED_BY,3727
666,668,TARGETS,3727
667,663,ALLEVIATES,3727
666,663,TARGETS,3728
663,3,RELATED_TO,3729
49,32,TRIGGERED_BY,3730
662,49,TARGETS,3730
662,10,TARGETS,3730
333,34,RELATED_TO,3745
6,561,TRIGGERED_BY,3751
14,561,TARGETS,3751
9,386,RELATED_TO,3757
10,386,RELATED_TO,3757
158,465,HELPS,3760
669,196,ALLEVIATES,3771
670,196,ALLEVIATES,3771
418,507,RELATED_TO,3772
418,14,TREATED_BY,3772
418,52,HELPED_BY,3772
10,107,HELPED_BY,3772
418,8,TREATED_BY,3774
507,8,TREATED_BY,3774
507,52,HELPED_BY,3774
465,507,TRIGGERED_BY,3775
671,10,ALLEVIATES,3775
671,465,ALLEVIATES,3775
65,507,TARGETS,3777
507,20,TRIGGERED_BY,3778
9,507,TRIGGERED_BY,3778
671,9,ALLEVIATES,3778
671,19,ALLEVIATES,3780
671,71,ALLEVIATES,3780
659,9,ALLEVIATES,3781
659,78,TARGETS,3782
672,78,TARGETS,3782
432,78,TARGETS,3782
659,196,TARGETS,3783
673,196,TARGETS,3783
674,465,TRIGGERED_BY,3784
675,465,ALLEVIATES,3784
676,52,TARGETS,3784
659,336,ALLEVIATES,3785
9,92,HELPED_BY,3793
3,128,TREATED_BY,3795
7,128,HELPED_BY,3795
128,128,REFERENCES_INTERVENTION,3795
10,238,HELPED_BY,3811
10,654,TRIGGERED_BY,3811
34,677,HELPED_BY,3813
337,34,ALLEVIATES,3813
351,336,TARGETS,3814
465,355,MANAGED_BY,3815
48,32,TRIGGERED_BY,3816
48,23,MANAGED_BY,3816
48,8,MANAGED_BY,3816
48,97,MANAGED_BY,3816
465,561,TRIGGERED_BY,3817
184,465,ALLEVIATES,3817
333,184,MANAGED_BY,3818
248,333,TRIGGERED_BY,3831
52,387,TARGETS,3836
52,361,TARGETS,3836
19,120,MANAGED_BY,3844
19,359,MANAGED_BY,3844
419,13,SUGGESTS_STRATEGY,3855
419,353,SUGGESTS_STRATEGY,3855
3,353,RELATED_TO,3880
5,196,REFERENCES_INTERVENTION,3880
334,71,TRIGGERED_BY,3889
32,361,TRIGGERED_BY,3893
196,303,TRIGGERED_BY,3895
65,32,TARGETS,3900
155,678,SUGGESTS_STRATEGY,3901
13,155,RELATED_TO,3901
678,84,TARGETS,3901
14,678,REFERENCES_INTERVENTION,3901
14,84,TARGETS,3905
102,14,WORSENED_BY,3905
10,10,SUGGESTS_STRATEGY,3912
9,9,WORSENED_BY,3916
13,13,WORSENED_BY,3916
6,361,TRIGGERED_BY,3923
26,361,TRIGGERED_BY,3923
26,465,RELATED_TO,3923
336,19,WORSENED_BY,3926
182,19,ALLEVIATES,3927
75,361,TRIGGERED_BY,3928
359,14,HELPED_BY,3929
679,3,TRIGGERED_BY,3941
680,336,TARGETS,3943
469,353,ALLEVIATES,3952
6,334,RELATED_TO,4026
19,465,RELATED_TO,4040
681,465,ALLEVIATES,4052
5,465,ALLEVIATES,4052
158,29,HELPED_BY,4058
682,26,ALLEVIATES,4060
682,75,ALLEVIATES,4060
682,465,ALLEVIATES,4060
3,19,RELATED_TO,4080
3,100,TREATED_BY,4081
97,28,SUGGESTS_STRATEGY,4091
238,9,ALLEVIATES,4094
124,22,TRIGGERED_BY,4109
52,124,MANAGES,4109
122,14,MANAGED_BY,4111
93,14,MANAGED_BY,4111
465,28,MANAGED_BY,4111
10,28,MANAGED_BY,4114
34,65,SUGGESTS_STRATEGY,4119
34,28,SUGGESTS_STRATEGY,4119
34,45,SUGGESTS_STRATEGY,4119
103,10,RELATED_TO,4120
103,9,RELATED_TO,4120
472,29,TRIGGERED_BY,4122
472,7,TRIGGERED_BY,4122
128,29,ALLEVIATES,4122
128,7,ALLEVIATES,4122
361,71,TRIGGERED_BY,4123
20,19,RELATED_TO,4125
20,683,RELATED_TO,4125
65,683,TARGETS,4125
52,56,HELPED_BY,4129
357,3,HELPS,4133
357,23,RELATED_TO,4133
3,303,TRIGGERED_BY,4140
9,60,MANAGED_BY,4171
6,97,HELPED_BY,4178
333,84,RELATED_TO,4180
7,92,HELPED_BY,4189
7,77,HELPED_BY,4189
75,8,HELPED_BY,4190
75,23,HELPED_BY,4190
361,72,TRIGGERED_BY,4192
14,72,TARGETS,4196
52,112,TARGETS,4206
23,112,ALLEVIATES,4206
92,112,ALLEVIATES,4206
337,112,ALLEVIATES,4206
52,440,TARGETS,4234
684,353,RELATED_TO,4238
684,10,TRIGGERED_BY,4238
71,8,MANAGED_BY,4243
69,48,TARGETS,4253
17,48,ALLEVIATES,4253
196,38,MANAGED_BY,4254
532,10,TARGETS,4255
532,9,TARGETS,4255
322,8,TREATED_BY,4255
9,17,HELPED_BY,4255
333,17,MANAGED_BY,4258
333,379,MANAGED_BY,4258
196,17,MANAGED_BY,4258
196,379,MANAGED_BY,4258
13,17,MANAGED_BY,4260
333,685,RELATED_TO,4261
683,14,TREATED_BY,4271
333,686,RELATED_TO,4272
333,90,RELATED_TO,4274
333,687,RELATED_TO,4274
687,97,TREATED_BY,4274
90,97,TREATED_BY,4274
6,4,RELATED_TO,4275
6,77,HELPED_BY,4275
4,77,HELPED_BY,4275
6,143,HELPED_BY,4275
4,143,HELPED_BY,4275
333,688,RELATED_TO,4277
688,97,TREATED_BY,4277
688,65,ALLEVIATES,4277
465,143,ALLEVIATES,4277
333,366,RELATED_TO,4278
366,65,HELPED_BY,4278
366,8,TREATED_BY,4278
366,143,HELPED_BY,4278
689,196,ALLEVIATES,4291
690,196,ALLEVIATES,4291
9,101,MANAGED_BY,4300
19,3,RELATED_TO,4303
691,333,RELATED_TO,4311
419,336,MANAGED_BY,4312
692,333,TRIGGERED_BY,4314
693,10,TRIGGERED_BY,4319
333,156,RELATED_TO,4322
387,13,WORSENED_BY,4328
158,13,TARGETS,4336
359,203,SUGGESTS_STRATEGY,4345
120,156,TARGETS,4351
203,156,TARGETS,4356
361,334,TRIGGERED_BY,4360
440,102,RELATED_TO,4371
440,10,RELATED_TO,4371
694,440,TARGETS,4371
694,102,TARGETS,4371
695,9,HELPED_BY,4373
361,27,TRIGGERED_BY,4374
696,333,TARGETS,4376
334,697,RELATED_TO,4377
475,334,TARGETS,4377
166,334,TARGETS,4377
70,334,TARGETS,4377
138,333,TARGETS,4378
42,10,TRIGGERED_BY,4379
42,13,TRIGGERED_BY,4379
698,203,RELATED_TO,4380
19,387,TRIGGERED_BY,4382
23,699,RELATED_TO,4395
61,14,RELATED_TO,4403
14,61,REFERENCES_INTERVENTION,4403
10,700,TRIGGERED_BY,4405
14,120,REFERENCES_INTERVENTION,4405
27,3,RELATED_TO,4407
322,700,TRIGGERED_BY,4408
120,322,ALLEVIATES,4408
70,322,ALLEVIATES,4408
47,32,RELATED_TO,4410
334,65,MANAGED_BY,4454
76,65,REFERENCES_INTERVENTION,4461
701,65,REFERENCES_INTERVENTION,4462
473,65,REFERENCES_INTERVENTION,4462
353,444,RELATED_TO,4463
52,227,SUGGESTS_STRATEGY,4464
52,355,SUGGESTS_STRATEGY,4464
52,702,MANAGED_BY,4465
76,52,REFERENCES_INTERVENTION,4465
13,122,RELATED_TO,4469
333,56,RELATED_TO,4470
14,56,TREATED_BY,4470
23,56,HELPED_BY,4470
97,703,TARGETS,4471
27,333,RELATED_TO,4473
353,51,RELATED_TO,4475
27,7,RELATED_TO,4476
4,7,RELATED_TO,4476
75,7,RELATED_TO,4476
386,353,RELATED_TO,4480
19,26,RELATED_TO,4494
203,19,ALLEVIATES,4495
220,336,TARGETS,4496
196,203,MANAGED_BY,4501
14,101,SUGGESTS_STRATEGY,4512
704,10,TRIGGERS,4518
704,465,TRIGGERS,4518
32,466,TRIGGERS,4519
466,155,RELATED_TO,4519
101,466,ALLEVIATES,4519
14,155,TARGETS,4519
10,189,RELATED_TO,4523
52,189,TARGETS,4523
10,705,RELATED_TO,4523
14,705,HELPS,4523
97,85,TARGETS,4541
97,460,SUGGESTS_STRATEGY,4541
138,6,ALLEVIATES,4542
706,6,RELATED_TO,4542
138,366,ALLEVIATES,4543
706,366,RELATED_TO,4543
8,18,REFERENCES_INTERVENTION,4545
8,707,ALLEVIATES,4546
709,27,RELATED_TO,4547
708,6,RELATED_TO,4547
711,710,TRIGGERED_BY,4548
710,712,RELATED_TO,4548
10,712,RELATED_TO,4548
712,713,RELATED_TO,4548
170,10,TRIGGERED_BY,4550
170,9,TRIGGERED_BY,4550
70,170,MANAGED_BY,4550
53,52,HELPED_BY,4551
465,107,HELPED_BY,4551
71,387,RELATED_TO,4553
34,92,HELPED_BY,4555
34,14,TREATED_BY,4555
115,336,SUGGESTS_STRATEGY,4561
66,10,ALLEVIATES,4562
103,465,RELATED_TO,4563
121,465,SUGGESTS_STRATEGY,4570
14,361,TARGETS,4609
394,465,HELPED_BY,4616
14,394,SUGGESTS_STRATEGY,4616
334,13,WORSENED_BY,4617
714,13,HELPED_BY,4618
14,714,SUGGESTS_STRATEGY,4618
394,334,ALLEVIATES,4619
184,715,TARGETS,4621
166,336,ALLEVIATES,4623
79,7,ALLEVIATES,4623
166,7,ALLEVIATES,4623
6,20,TRIGGERED_BY,4624
716,6,ALLEVIATES,4624
190,9,RELATED_TO,4629
190,13,RELATED_TO,4629
23,190,ALLEVIATES,4629
463,9,TRIGGERED_BY,4641
52,258,TARGETS,4641
333,163,RELATED_TO,4642
163,97,TREATED_BY,4642
218,158,REFERENCES_INTERVENTION,4643
196,77,MANAGED_BY,4643
196,158,MANAGED_BY,4643
333,158,MANAGED_BY,4644
3,158,MANAGED_BY,4645
258,13,TRIGGERED_BY,4664
336,359,MANAGED_BY,4677
49,334,RELATED_TO,4701
336,8,TREATED_BY,4721
353,359,TREATED_BY,4734
717,9,RELATED_TO,4741
23,717,HELPED_BY,4741
52,4,HELPED_BY,4743
52,206,HELPED_BY,4744
18,4,HELPED_BY,4744
18,206,HELPED_BY,4744
23,206,HELPED_BY,4744
165,336,HELPED_BY,4745
359,6,ALLEVIATES,4746
465,49,RELATED_TO,4747
77,32,HELPED_BY,4747
52,368,HELPED_BY,4748
14,368,HELPED_BY,4748
368,303,RELATED_TO,4748
6,297,RELATED_TO,4749
297,361,TRIGGERED_BY,4749
97,297,HELPED_BY,4749
718,334,RELATED_TO,4750
718,6,RELATED_TO,4750
32,97,TREATED_BY,4759
27,336,RELATED_TO,4762
719,27,HELPS,4762
720,336,HELPS,4762
334,85,TRIGGERED_BY,4763
17,85,ALLEVIATES,4763
48,333,RELATED_TO,4764
65,48,ALLEVIATES,4764
97,48,TARGETS,4764
156,333,RELATED_TO,4768
97,70,SUGGESTS_STRATEGY,4768
387,196,TRIGGERED_BY,4793
463,10,TRIGGERED_BY,4813
463,13,RELATED_TO,4816
463,102,RELATED_TO,4817
463,6,RELATED_TO,4817
463,465,TRIGGERED_BY,4818
336,3,TRIGGERED_BY,4826
28,72,HELPS,4841
72,97,TREATED_BY,4842
10,132,RELATED_TO,4843
10,721,TRIGGERED_BY,4843
132,721,TRIGGERED_BY,4843
10,722,TRIGGERED_BY,4844
10,723,TRIGGERED_BY,4845
63,723,RELATED_TO,4845
63,158,HELPED_BY,4845
322,420,TRIGGERED_BY,4846
3,420,TRIGGERED_BY,4846
20,420,TRIGGERED_BY,4846
23,71,HELPS,4847
10,119,TREATED_BY,4847
72,119,TREATED_BY,4847
724,20,TRIGGERED_BY,4848
28,724,HELPS,4848
52,724,HELPS,4848
726,725,HELPS,4849
726,20,HELPS,4849
727,725,HELPS,4849
727,20,HELPS,4849
77,725,HELPS,4849
728,725,HELPS,4849
728,20,HELPS,4849
65,321,SUGGESTS_STRATEGY,4850
65,729,SUGGESTS_STRATEGY,4850
5,5,REFERENCES_INTERVENTION,4851
26,32,TRIGGERED_BY,4852
26,303,TRIGGERED_BY,4852
26,730,RELATED_TO,4852
227,3,TARGETS,4859
731,10,TRIGGERED_BY,4861
732,38,SUGGESTS_STRATEGY,4862
732,23,SUGGESTS_STRATEGY,4863
732,377,HELPED_BY,4863
733,65,RELATED_TO,4864
225,3,ALLEVIATES,4866
733,196,ALLEVIATES,4867
225,465,ALLEVIATES,4869
209,465,ALLEVIATES,4870
10,734,RELATED_TO,4883
734,8,TREATED_BY,4883
734,23,MANAGED_BY,4883
734,52,MANAGED_BY,4883
734,203,MANAGED_BY,4883
235,97,TREATED_BY,4895
7,31,HELPED_BY,4899
8,322,ALLEVIATES,4924
10,322,RELATED_TO,4924
13,322,RELATED_TO,4924
97,736,SUGGESTS_STRATEGY,4931
736,336,HELPED_BY,4931
403,334,ALLEVIATES,4932
97,466,ALLEVIATES,4932
97,18,REFERENCES_INTERVENTION,4933
97,319,TARGETS,4935
120,103,ALLEVIATES,4938
737,7,ALLEVIATES,4939
738,465,ALLEVIATES,4940
738,3,ALLEVIATES,4940
334,739,RELATED_TO,4961
740,10,RELATED_TO,4983
52,740,TARGETS,4983
32,741,TRIGGERED_BY,4985
741,7,RELATED_TO,4985
14,741,TARGETS,4985
742,465,RELATED_TO,4988
743,333,ALLEVIATES,4992
744,333,ALLEVIATES,4992
293,10,TARGETS,5005
293,13,TARGETS,5005
97,20,TARGETS,5019
97,361,TARGETS,5019
718,14,TREATED_BY,5041
654,9,TRIGGERED_BY,5042
654,10,TRIGGERED_BY,5042
10,420,WORSENED_BY,5051
10,77,HELPED_BY,5051
13,71,RELATED_TO,5055
71,23,HELPED_BY,5055
336,77,TREATED_BY,5057
49,122,RELATED_TO,5063
52,84,TARGETS,5065
465,84,RELATED_TO,5067
23,84,TARGETS,5069
8,84,TARGETS,5069
49,10,RELATED_TO,5070
32,472,TRIGGERED_BY,5071
8,461,ALLEVIATES,5071
8,155,ALLEVIATES,5071
124,52,MANAGED_BY,5074
8,124,TARGETS,5074
23,124,TARGETS,5074
699,8,RELATED_TO,5074
699,23,RELATED_TO,5074
6,156,RELATED_TO,5075
745,75,RELATED_TO,5079
3,72,RELATED_TO,5083
4,75,RELATED_TO,5085
4,20,TRIGGERED_BY,5085
75,20,TRIGGERED_BY,5085
122,20,TRIGGERED_BY,5087
122,75,RELATED_TO,5087
333,124,RELATED_TO,5109
746,333,ALLEVIATES,5111
746,465,ALLEVIATES,5111
13,108,TREATED_BY,5113
108,52,SUGGESTS_STRATEGY,5113
9,555,TRIGGERED_BY,5116
320,20,TRIGGERED_BY,5121
320,10,RELATED_TO,5121
15,3,ALLEVIATES,5121
15,320,ALLEVIATES,5121
131,3,ALLEVIATES,5121
131,320,ALLEVIATES,5121
131,10,ALLEVIATES,5121
26,20,TRIGGERED_BY,5126
15,75,ALLEVIATES,5126
15,26,ALLEVIATES,5126
146,747,RELATED_TO,5130
10,146,RELATED_TO,5130
465,146,RELATED_TO,5130
52,146,TARGETS,5130
59,146,RELATED_TO,5130
93,333,RELATED_TO,5151
14,93,TARGETS,5151
461,333,RELATED_TO,5153
14,461,TARGETS,5153
52,461,ALLEVIATES,5153
13,748,RELATED_TO,5154
749,13,WORSENED_BY,5154
461,13,WORSENED_BY,5154
14,748,TARGETS,5154
750,749,TARGETS,5154
750,461,TARGETS,5154
14,750,SUGGESTS_STRATEGY,5154
45,48,ALLEVIATES,5155
38,266,ALLEVIATES,5156
751,10,TRIGGERED_BY,5157
751,49,TRIGGERED_BY,5157
38,49,ALLEVIATES,5157
28,49,ALLEVIATES,5157
357,49,ALLEVIATES,5157
158,27,TARGETS,5159
228,3,RELATED_TO,5160
77,143,SUGGESTS_STRATEGY,5161
14,143,SUGGESTS_STRATEGY,5161
143,196,TARGETS,5163
114,752,ALLEVIATES,5171
17,190,TARGETS,5175
114,190,TARGETS,5175
97,190,TARGETS,5177
17,465,TARGETS,5180
196,72,RELATED_TO,5185
72,65,MANAGED_BY,5185
9,497,TRIGGERED_BY,5193
293,196,TARGETS,5228
100,52,SUGGESTS_STRATEGY,5230
9,359,HELPED_BY,5238
79,334,TARGETS,5244
469,9,TARGETS,5260
9,28,HELPED_BY,5272
9,45,HELPED_BY,5272
45,465,HELPED_BY,5275
14,28,SUGGESTS_STRATEGY,5276
14,45,SUGGESTS_STRATEGY,5276
203,28,SUGGESTS_STRATEGY,5278
753,196,RELATED_TO,5282
6,336,TRIGGERED_BY,5284
52,240,TARGETS,5285
52,754,TARGETS,5285
465,357,HELPED_BY,5295
21,32,TRIGGERED_BY,5298
21,65,HELPED_BY,5298
21,23,HELPED_BY,5298
21,14,TREATED_BY,5298
658,658,SUGGESTS_STRATEGY,5301
755,755,SUGGESTS_STRATEGY,5301
658,333,TARGETS,5301
755,333,TARGETS,5301
19,683,RELATED_TO,5302
658,9,ALLEVIATES,5303
658,19,ALLEVIATES,5304
205,10,TRIGGERED_BY,5315
205,9,TRIGGERED_BY,5315
205,20,TRIGGERED_BY,5315
205,361,TRIGGERED_BY,5315
10,585,TRIGGERED_BY,5318
9,585,TRIGGERED_BY,5318
189,20,TRIGGERED_BY,5355
8,189,TARGETS,5355
23,189,ALLEVIATES,5355
22,387,TRIGGERED_BY,5365
334,189,RELATED_TO,5372
124,361,RELATED_TO,5378
124,359,MANAGED_BY,5378
357,65,RELATED_TO,5429
31,9,SUGGESTS_STRATEGY,5432
35,465,RELATED_TO,5442
357,35,ALLEVIATES,5442
8,35,ALLEVIATES,5442
23,35,ALLEVIATES,5442
97,121,REFERENCES_INTERVENTION,5443
465,31,TREATED_BY,5472
614,9,TRIGGERED_BY,5474
614,10,TRIGGERED_BY,5474
614,13,TRIGGERED_BY,5474
353,614,TRIGGERED_BY,5474
614,97,TREATED_BY,5474
47,361,TRIGGERED_BY,5491
333,189,RELATED_TO,5491
7,32,TRIGGERED_BY,5494
47,22,RELATED_TO,5499
203,14,RELATED_TO,5500
353,387,WORSENED_BY,5503
71,333,TRIGGERED_BY,5515
337,322,ALLEVIATES,5525
322,124,TRIGGERED_BY,5525
465,654,TRIGGERED_BY,5526
333,509,MANAGED_BY,5542
465,509,MANAGED_BY,5546
303,14,TREATED_BY,5549
203,337,SUGGESTS_STRATEGY,5551
6,203,HELPED_BY,5571
19,203,HELPED_BY,5571
7,124,TRIGGERED_BY,5572
8,756,ALLEVIATES,5581
469,756,ALLEVIATES,5581
469,203,SUGGESTS_STRATEGY,5581
469,52,SUGGESTS_STRATEGY,5581
333,756,RELATED_TO,5581
595,196,TARGETS,5593
595,52,SUGGESTS_STRATEGY,5593
97,225,SUGGESTS_STRATEGY,5611
97,546,SUGGESTS_STRATEGY,5611
52,283,TARGETS,5629
387,52,MANAGED_BY,5658
69,69,SUGGESTS_STRATEGY,5661
3,69,MANAGED_BY,5662
77,102,HELPED_BY,5672
131,6,TARGETS,5672
131,102,TARGETS,5672
184,9,HELPED_BY,5681
184,3,HELPED_BY,5682
10,56,RELATED_TO,5683
97,56,TARGETS,5683
322,56,RELATED_TO,5686
322,99,RELATED_TO,5686
465,99,RELATED_TO,5687
10,99,RELATED_TO,5688
8,99,TARGETS,5688
23,99,MANAGED_BY,5688
10,6,RELATED_TO,5690
758,334,MANAGED_BY,5691
440,353,RELATED_TO,5692
403,336,SUGGESTS_STRATEGY,5761
65,49,HELPS,5761
66,49,HELPS,5761
759,465,TRIGGERED_BY,5764
759,336,WORSENED_BY,5764
759,196,WORSENED_BY,5765
66,196,SUGGESTS_STRATEGY,5765
394,196,SUGGESTS_STRATEGY,5765
394,333,SUGGESTS_STRATEGY,5766
759,333,WORSENED_BY,5766
761,10,TARGETS,5781
761,13,TARGETS,5781
761,760,TARGETS,5781
762,13,ALLEVIATES,5781
3,124,TRIGGERED_BY,5828
225,10,ALLEVIATES,5841
65,387,ALLEVIATES,5856
652,9,MANAGED_BY,5869
97,652,HELPED_BY,5869
52,652,HELPED_BY,5869
236,652,MANAGED_BY,5870
255,652,HELPED_BY,5870
355,78,TARGETS,5871
120,84,TARGETS,5871
355,84,TARGETS,5871
763,84,SUGGESTS_STRATEGY,5871
764,84,SUGGESTS_STRATEGY,5871
20,178,RELATED_TO,5874
59,178,RELATED_TO,5874
26,178,RELATED_TO,5874
596,20,TARGETS,5874
596,59,TARGETS,5874
596,26,TARGETS,5874
77,596,REFERENCES_INTERVENTION,5874
77,59,HELPED_BY,5874
47,160,RELATED_TO,5876
160,765,RELATED_TO,5876
160,581,RELATED_TO,5876
97,102,ALLEVIATES,5877
8,59,ALLEVIATES,5878
97,228,TARGETS,5879
3,59,RELATED_TO,5880
196,124,TRIGGERED_BY,5885
3,32,TRIGGERED_BY,5889
34,303,TRIGGERED_BY,5957
34,333,RELATED_TO,5957
3,34,RELATED_TO,5958
203,34,SUGGESTS_STRATEGY,5958
97,34,SUGGESTS_STRATEGY,5958
258,3,RELATED_TO,5962
766,333,HELPED_BY,5966
16,7,TARGETS,5968
16,336,TARGETS,5968
16,52,SUGGESTS_STRATEGY,5968
7,303,TRIGGERED_BY,5981
209,203,HELPED_BY,5993
225,203,HELPED_BY,5993
209,10,ALLEVIATES,5997
225,196,ALLEVIATES,5997
209,196,ALLEVIATES,5997
32,52,RELATED_TO,6004
20,52,RELATED_TO,6004
101,52,TARGETS,6004
18,52,HELPS,6006
77,334,HELPS,6010
34,9,WORSENED_BY,6029
34,32,WORSENED_BY,6029
478,10,ALLEVIATES,6030
478,34,ALLEVIATES,6030
511,336,TARGETS,6032
333,387,WORSENED_BY,6046
302,336,TRIGGERED_BY,6065
10,302,TRIGGERED_BY,6065
228,13,RELATED_TO,6069
230,9,TRIGGERED_BY,6070
230,10,TRIGGERED_BY,6070
230,13,TRIGGERED_BY,6070
52,230,ALLEVIATES,6070
767,230,ALLEVIATES,6071
768,93,TRIGGERED_BY,6072
768,230,TRIGGERED_BY,6072
769,465,TRIGGERED_BY,6093
387,19,TRIGGERED_BY,6094
22,465,RELATED_TO,6095
8,120,SUGGESTS_STRATEGY,6101
10,770,RELATED_TO,6121
82,770,TARGETS,6121
23,770,ALLEVIATES,6121
92,770,ALLEVIATES,6121
63,13,RELATED_TO,6122
771,63,TREATED_BY,6122
771,13,TARGETS,6122
771,166,SUGGESTS_STRATEGY,6122
771,165,SUGGESTS_STRATEGY,6122
771,772,SUGGESTS_STRATEGY,6122
63,78,RELATED_TO,6123
63,196,RELATED_TO,6124
773,208,ALLEVIATES,6125
23,208,ALLEVIATES,6125
92,208,ALLEVIATES,6125
271,208,RELATED_TO,6125
303,49,TRIGGERED_BY,6126
77,49,HELPED_BY,6126
72,10,RELATED_TO,6127
10,49,RELATED_TO,6127
774,10,TRIGGERED_BY,6127
23,49,TARGETS,6127
63,9,RELATED_TO,6128
18,103,TARGETS,6129
122,93,RELATED_TO,6130
225,271,TARGETS,6130
775,122,RELATED_TO,6130
197,9,ALLEVIATES,6136
14,197,SUGGESTS_STRATEGY,6139
197,10,ALLEVIATES,6139
42,465,TRIGGERED_BY,6143
69,26,TARGETS,6144
69,465,TARGETS,6144
387,6,TRIGGERED_BY,6150
387,103,TRIGGERED_BY,6150
17,103,ALLEVIATES,6150
463,196,TRIGGERED_BY,6156
776,9,HELPED_BY,6171
776,10,HELPED_BY,6171
777,663,HELPED_BY,6172
777,10,HELPED_BY,6172
778,663,HELPED_BY,6172
778,10,HELPED_BY,6172
780,9,HELPED_BY,6173
780,663,HELPED_BY,6173
23,663,HELPED_BY,6173
14,779,TARGETS,6173
667,10,HELPED_BY,6174
781,10,HELPED_BY,6174
667,9,HELPED_BY,6180
780,10,HELPED_BY,6180
303,13,TRIGGERED_BY,6196
3,132,RELATED_TO,6202
8,132,ALLEVIATES,6202
28,48,ALLEVIATES,6221
444,747,RELATED_TO,6221
465,747,TRIGGERED_BY,6225
747,52,MANAGED_BY,6225
9,747,RELATED_TO,6227
10,747,RELATED_TO,6227
221,9,RELATED_TO,6229
23,221,TARGETS,6229
782,336,RELATED_TO,6230
196,468,TRIGGERED_BY,6241
32,783,TRIGGERED_BY,6251
14,783,TARGETS,6251
65,783,HELPED_BY,6251
783,336,RELATED_TO,6251
445,783,TRIGGERED_BY,6252
52,783,TARGETS,6252
52,97,RELATED_TO,6254
359,71,SUGGESTS_STRATEGY,6264
160,353,RELATED_TO,6266
337,160,ALLEVIATES,6266
92,160,ALLEVIATES,6266
337,92,RELATED_TO,6266
784,9,TRIGGERED_BY,6275
432,10,ALLEVIATES,6289
786,740,HELPED_BY,6291
65,785,HELPED_BY,6291
14,785,TARGETS,6291
786,786,SUGGESTS_STRATEGY,6293
97,786,TARGETS,6295
786,336,HELPED_BY,6297
786,10,HELPED_BY,6299
92,52,SUGGESTS_STRATEGY,6302
337,71,ALLEVIATES,6304
786,607,SUGGESTS_STRATEGY,6331
607,336,RELATED_TO,6331
788,336,RELATED_TO,6332
786,788,SUGGESTS_STRATEGY,6332
77,788,SUGGESTS_STRATEGY,6332
52,788,HELPED_BY,6332
32,788,TRIGGERED_BY,6334
65,788,ALLEVIATES,6334
97,788,TREATED_BY,6334
77,97,HELPED_BY,6335
120,788,ALLEVIATES,6339
613,10,RELATED_TO,6341
613,8,TREATED_BY,6341
336,789,HELPED_BY,6342
336,790,HELPED_BY,6342
84,97,MANAGED_BY,6343
48,337,HELPED_BY,6344
48,76,HELPED_BY,6344
48,77,HELPED_BY,6344
48,14,REFERENCES_INTERVENTION,6344
747,65,HELPED_BY,6346
333,107,HELPED_BY,6347
353,107,HELPED_BY,6348
353,77,HELPED_BY,6348
9,76,HELPED_BY,6349
465,76,HELPED_BY,6349
465,791,TRIGGERED_BY,6349
336,220,REFERENCES_INTERVENTION,6351
783,65,MANAGED_BY,6353
196,79,ALLEVIATES,6355
782,79,MANAGED_BY,6359
10,782,RELATED_TO,6359
52,92,SUGGESTS_STRATEGY,6367
359,97,RELATED_TO,6397
120,336,TARGETS,6416
792,465,RELATED_TO,6421
792,9,TRIGGERED_BY,6421
792,7,TRIGGERED_BY,6422
793,160,ALLEVIATES,6422
121,353,HELPED_BY,6422
793,792,HELPS_WITH,6422
784,465,TRIGGERED_BY,6424
794,71,HELPS_WITH,6424
784,71,RELATED_TO,6424
166,70,HELPS_WITH,6428
158,158,SUGGESTS_STRATEGY,6428
158,334,ALLEVIATES,6428
472,333,TRIGGERED_BY,6429
795,333,ALLEVIATES,6429
796,10,RELATED_TO,6433
14,797,TREATED_BY,6439
120,783,HELPED_BY,6441
607,798,TRIGGERED_BY,6442
607,445,TRIGGERED_BY,6442
353,798,RELATED_TO,6442
799,336,TARGETS,6444
800,465,MANAGED_BY,6446
73,465,ALLEVIATES,6449
97,229,SUGGESTS_STRATEGY,6450
65,466,HELPED_BY,6451
77,786,SUGGESTS_STRATEGY,6461
786,71,ALLEVIATES,6468
107,47,ALLEVIATES,6473
445,47,TRIGGERED_BY,6473
798,47,TRIGGERED_BY,6473
97,117,TARGETS,6474
97,802,TARGETS,6474
97,801,TARGETS,6474
419,117,ALLEVIATES,6476
445,117,TRIGGERED_BY,6476
92,117,HELPED_BY,6479
92,802,HELPED_BY,6479
786,465,ALLEVIATES,6480
803,336,SUGGESTS_STRATEGY,6481
107,336,SUGGESTS_STRATEGY,6481
107,333,SUGGESTS_STRATEGY,6482
804,71,RELATED_TO,6484
52,804,MANAGED_BY,6484
77,804,SUGGESTS_STRATEGY,6484
337,804,ALLEVIATES,6484
14,804,REFERENCES_INTERVENTION,6484
336,788,RELATED_TO,6486
79,788,SUGGESTS_STRATEGY,6486
14,788,REFERENCES_INTERVENTION,6486
786,747,SUGGESTS_STRATEGY,6487
786,805,SUGGESTS_STRATEGY,6487
52,747,SUGGESTS_STRATEGY,6487
65,747,SUGGESTS_STRATEGY,6487
77,747,SUGGESTS_STRATEGY,6487
166,79,SUGGESTS_STRATEGY,6489
165,79,SUGGESTS_STRATEGY,6489
803,333,SUGGESTS_STRATEGY,6490
786,782,TARGETS,6491
65,740,HELPED_BY,6491
97,782,TARGETS,6491
97,740,TARGETS,6491
61,336,MANAGED_BY,6492
61,465,ALLEVIATES,6492
120,740,HELPED_BY,6494
52,782,HELPED_BY,6494
740,336,RELATED_TO,6495
353,740,RELATED_TO,6496
353,208,TRIGGERED_BY,6528
465,465,SYMPTOM,6529
336,336,ISSUE,6530
97,38,SUGGESTS_STRATEGY,6534
336,203,HELPED_BY,6544
806,806,SUGGESTS_STRATEGY,6551
77,806,RELATED_TO,6551
806,97,HELPS,6551
665,665,SUGGESTS_STRATEGY,6552
807,807,SUGGESTS_STRATEGY,6552
663,809,TRIGGERED_BY,6553
668,808,RELATED_TO,6553
77,663,ALLEVIATES,6553
97,808,TARGETS,6553
668,810,TRIGGERED_BY,6554
808,668,RELATED_TO,6554
811,811,SUGGESTS_STRATEGY,6554
812,812,SUGGESTS_STRATEGY,6554
811,808,HELPS,6554
812,668,ALLEVIATES,6554
813,813,SUGGESTS_STRATEGY,6555
814,814,SUGGESTS_STRATEGY,6555
10,815,RELATED_TO,6556
10,816,TRIGGERED_BY,6556
815,816,WORSENED_BY,6556
14,815,TREATED_BY,6556
661,10,ALLEVIATES,6556
23,661,RELATED_TO,6556
97,662,SUGGESTS_STRATEGY,6557
779,32,TRIGGERED_BY,6558
806,779,HELPS,6558
665,779,HELPS,6558
97,666,SUGGESTS_STRATEGY,6559
97,667,SUGGESTS_STRATEGY,6559
817,10,ALLEVIATES,6560
97,817,SUGGESTS_STRATEGY,6560
786,47,ALLEVIATES,6571
361,19,TRIGGERED_BY,6575
818,336,SUGGESTS_STRATEGY,6581
62,336,SUGGESTS_STRATEGY,6581
793,336,SUGGESTS_STRATEGY,6582
793,10,ALLEVIATES,6582
166,333,SUGGESTS_STRATEGY,6587
65,97,RELATED_TO,6603
336,786,MANAGED_BY,6611
47,77,HELPED_BY,6611
47,786,HELPED_BY,6614
10,786,HELPED_BY,6615
160,52,MANAGED_BY,6616
160,203,MANAGED_BY,6616
203,208,ALLEVIATES,6616
7,79,HELPED_BY,6618
160,79,MANAGED_BY,6619
160,359,MANAGED_BY,6619
92,47,ALLEVIATES,6627
77,184,TARGETS,6661
107,819,TARGETS,6664
107,334,HELPED_BY,6666
14,79,TARGETS,6668
14,819,TARGETS,6668
65,819,TARGETS,6669
52,819,TARGETS,6669
79,819,HELPED_BY,6669
23,819,TARGETS,6669
107,196,ALLEVIATES,6670
77,801,HELPED_BY,6671
79,801,HELPED_BY,6671
432,336,HELPED_BY,6672
97,525,ALLEVIATES,6674
14,525,ALLEVIATES,6674
97,821,ALLEVIATES,6674
822,333,MANAGED_BY,6679
818,333,MANAGED_BY,6679
747,465,WORSENED_BY,6680
52,823,MANAGED_BY,6680
8,747,ALLEVIATES,6680
8,412,ALLEVIATES,6680
14,824,ALLEVIATES,6681
52,824,ALLEVIATES,6681
357,336,HELPED_BY,6689
357,357,SUGGESTS_STRATEGY,6689
5,336,SUGGESTS_STRATEGY,6691
158,336,SUGGESTS_STRATEGY,6691
131,97,RELATED_TO,6692
825,97,RELATED_TO,6692
490,97,RELATED_TO,6692
607,783,RELATED_TO,6693
79,783,TARGETS,6693
149,783,ALLEVIATES,6693
210,163,TARGETS,6694
163,334,RELATED_TO,6694
163,353,ALLEVIATES,6694
160,10,RELATED_TO,6695
166,160,ALLEVIATES,6695
786,783,TARGETS,6698
77,783,TARGETS,6698
720,788,ALLEVIATES,6699
77,48,ALLEVIATES,6711
826,465,RELATED_TO,6714
52,826,TARGETS,6714
14,826,REFERENCES_INTERVENTION,6714
52,468,TARGETS,6715
359,468,TARGETS,6715
827,465,RELATED_TO,6717
77,827,TARGETS,6717
14,827,TARGETS,6717
52,70,SUGGESTS_STRATEGY,6724
52,818,SUGGESTS_STRATEGY,6724
52,786,SUGGESTS_STRATEGY,6725
52,669,SUGGESTS_STRATEGY,6725
52,79,SUGGESTS_STRATEGY,6726
52,459,SUGGESTS_STRATEGY,6728
337,101,SUGGESTS_STRATEGY,6729
359,432,SUGGESTS_STRATEGY,6730
9,855,TRIGGERED_BY,6735
71,855,RELATED_TO,6735
336,855,RELATED_TO,6735
158,353,ALLEVIATES,6740
97,131,REFERENCES_INTERVENTION,6743
97,856,REFERENCES_INTERVENTION,6743
857,49,TRIGGERED_BY,6772
52,857,HELPED_BY,6772
70,353,TARGETS,6784
818,334,TARGETS,6788
165,7,ALLEVIATES,6790
534,361,TRIGGERED_BY,6799
534,97,TREATED_BY,6799
465,858,RELATED_TO,6801
9,858,RELATED_TO,6801
858,65,HELPED_BY,6801
10,392,RELATED_TO,6804
320,392,RELATED_TO,6804
62,10,ALLEVIATES,6804
353,406,RELATED_TO,6805
70,406,TARGETS,6805
70,392,RELATED_TO,6805
406,392,RELATED_TO,6805
10,859,RELATED_TO,6806
465,392,RELATED_TO,6807
166,392,TARGETS,6807
786,860,TARGETS,6808
92,860,TARGETS,6808
62,860,ALLEVIATES,6808
10,861,RELATED_TO,6809
9,862,RELATED_TO,6810
465,862,RELATED_TO,6810
184,862,TARGETS,6810
166,184,TARGETS,6810
14,97,RELATED_TO,6822
353,337,HELPED_BY,6866
353,357,HELPED_BY,6866
353,92,HELPED_BY,6866
52,271,TARGETS,6897
196,92,HELPED_BY,6911
71,337,HELPED_BY,6914
720,334,HELPS,6931
52,448,TARGETS,6932
52,863,TARGETS,6932
65,448,ALLEVIATES,6932
62,863,HELPS,6932
62,13,HELPS,6933
32,502,TRIGGERED_BY,6934
92,32,HELPS,6934
62,465,HELPS,6938
9,329,TRIGGERED_BY,6939
107,864,ALLEVIATES,6951
866,864,ALLEVIATES,6951
864,865,RELATED_TO,6951
76,865,ALLEVIATES,6952
76,864,ALLEVIATES,6952
23,864,ALLEVIATES,6952
864,471,TREATED_BY,6952
336,387,RELATED_TO,6953
336,471,TREATED_BY,6953
867,868,RELATED_TO,6956
868,509,MANAGED_BY,6956
868,750,MANAGED_BY,6956
32,471,TREATED_BY,6956
867,471,TREATED_BY,6956
107,10,ALLEVIATES,6958
107,9,ALLEVIATES,6959
866,9,ALLEVIATES,6959
665,3,HELPED_BY,6962
665,336,HELPED_BY,6962
665,465,HELPED_BY,6963
665,333,MANAGED_BY,6963
665,869,HELPED_BY,6964
76,3,HELPED_BY,6966
76,465,HELPED_BY,6966
665,334,MANAGED_BY,6968
203,77,SUGGESTS_STRATEGY,6969
665,13,HELPED_BY,6970
71,329,RELATED_TO,7011
10,329,TRIGGERED_BY,7011
92,71,ALLEVIATES,7011
14,329,TARGETS,7011
71,14,REFERENCES_INTERVENTION,7025
10,357,HELPED_BY,7026
22,357,HELPED_BY,7026
22,101,HELPED_BY,7026
255,9,ALLEVIATES,7032
13,521,TRIGGERED_BY,7045
336,521,TRIGGERED_BY,7045
13,870,RELATED_TO,7051
221,13,RELATED_TO,7051
221,870,RELATED_TO,7051
14,870,TARGETS,7051
97,870,TARGETS,7051
52,221,ALLEVIATES,7051
38,13,ALLEVIATES,7052
38,75,ALLEVIATES,7052
77,228,ALLEVIATES,7056
267,9,WORSENED_BY,7057
872,10,TRIGGERED_BY,7058
871,10,RELATED_TO,7058
238,65,SUGGESTS_STRATEGY,7069
337,238,RELATED_TO,7069
92,238,RELATED_TO,7069
77,22,TARGETS,7075
705,10,TRIGGERED_BY,7084
352,303,TRIGGERED_BY,7094
77,352,ALLEVIATES,7094
337,352,ALLEVIATES,7094
23,352,ALLEVIATES,7094
352,14,TREATED_BY,7094
787,10,RELATED_TO,7097
240,13,RELATED_TO,7100
13,420,TRIGGERED_BY,7102
353,420,TRIGGERED_BY,7102
874,32,TARGETS,7104
10,579,TRIGGERED_BY,7106
4,361,TRIGGERED_BY,7108
13,303,TRIGGERED_BY,7110
875,9,TRIGGERED_BY,7112
9,353,WORSENED_BY,7145
10,872,TRIGGERED_BY,7151
61,71,ALLEVIATES,7162
555,9,TRIGGERS,7167
61,9,ALLEVIATES,7167
114,13,ALLEVIATES,7171
13,158,HELPED_BY,7171
13,876,HELPED_BY,7171
10,877,RELATED_TO,7172
609,10,TARGETS,7172
609,877,ALLEVIATES,7172
23,877,ALLEVIATES,7172
13,514,RELATED_TO,7173
878,514,ALLEVIATES,7173
255,514,ALLEVIATES,7173
879,255,HELPED_BY,7174
594,14,TREATED_BY,7174
461,14,TREATED_BY,7174
750,594,TARGETS,7174
10,880,RELATED_TO,7175
880,336,RELATED_TO,7175
609,880,ALLEVIATES,7175
9,654,TRIGGERED_BY,7176
10,881,RELATED_TO,7177
23,881,ALLEVIATES,7177
609,881,ALLEVIATES,7177
609,103,ALLEVIATES,7177
13,882,RELATED_TO,7178
120,882,ALLEVIATES,7178
609,882,ALLEVIATES,7178
65,882,ALLEVIATES,7178
882,14,TREATED_BY,7178
13,412,RELATED_TO,7179
9,106,RELATED_TO,7180
9,883,TRIGGERED_BY,7180
9,884,TRIGGERED_BY,7180
52,106,ALLEVIATES,7180
65,101,SUGGESTS_STRATEGY,7181
97,101,SUGGESTS_STRATEGY,7184
885,13,ALLEVIATES,7198
10,886,TRIGGERED_BY,7213
9,887,TRIGGERED_BY,7221
13,77,HELPED_BY,7223
10,888,TRIGGERED_BY,7224
13,221,RELATED_TO,7226
221,23,HELPED_BY,7226
221,77,HELPED_BY,7226
122,203,HELPED_BY,7227
122,8,HELPED_BY,7227
13,42,TRIGGERED_BY,7230
122,42,TRIGGERED_BY,7230
887,42,TRIGGERED_BY,7230
255,353,HELPED_BY,7235
65,77,SUGGESTS_STRATEGY,7241
258,9,TRIGGERED_BY,7258
786,14,RELATED_TO,7261
79,14,RELATED_TO,7261
28,160,ALLEVIATES,7264
13,889,WORSENED_BY,7282
890,13,ALLEVIATES,7282
32,534,RELATED_TO,7283
534,8,TREATED_BY,7283
71,359,MANAGED_BY,7287
13,92,MANAGED_BY,7293
13,101,MANAGED_BY,7293
10,891,TRIGGERED_BY,7297
415,10,RELATED_TO,7297
7,892,WORSENED_BY,7299
893,353,SUGGESTS_STRATEGY,7301
894,13,HELPED_BY,7301
255,196,ALLEVIATES,7302
893,10,ALLEVIATES,7303
28,705,ALLEVIATES,7304
886,10,RELATED_TO,7305
886,9,RELATED_TO,7305
10,895,TRIGGERED_BY,7306
10,791,TRIGGERED_BY,7306
894,10,HELPED_BY,7307
9,652,RELATED_TO,7308
9,896,RELATED_TO,7308
10,897,WORSENED_BY,7309
103,14,TREATED_BY,7332
19,14,TREATED_BY,7335
120,160,SUGGESTS_STRATEGY,7362
359,160,ALLEVIATES,7362
10,258,TRIGGERED_BY,7368
359,258,ALLEVIATES,7368
22,124,TRIGGERED_BY,7390
337,705,ALLEVIATES,7399
23,705,ALLEVIATES,7399
329,9,TRIGGERED_BY,7401
329,465,TRIGGERED_BY,7401
32,782,RELATED_TO,7424
32,898,RELATED_TO,7424
899,13,RELATED_TO,7432
412,13,RELATED_TO,7432
245,10,RELATED_TO,7433
146,14,TREATED_BY,7437
456,10,RELATED_TO,7440
65,456,ALLEVIATES,7440
900,13,RELATED_TO,7456
900,65,HELPED_BY,7456
419,7,ALLEVIATES,7495
160,872,TRIGGERED_BY,7506
160,97,TREATED_BY,7506
101,160,ALLEVIATES,7506
45,160,ALLEVIATES,7506
13,16,TREATED_BY,7509
10,901,ALLEVIATED_BY,7533
101,71,HELPS,7534
73,71,HELPS,7534
13,902,ALLEVIATED_BY,7539
903,9,TREATED_BY,7541
904,10,TRIGGERED_BY,7542
124,905,TRIGGERED_BY,7543
65,905,HELPED_BY,7543
101,905,HELPED_BY,7543
119,905,TREATED_BY,7543
13,90,RELATED_TO,7544
903,13,TREATED_BY,7544
907,13,TRIGGERED_BY,7545
907,882,TRIGGERED_BY,7545
23,882,HELPED_BY,7545
9,908,RELATED_TO,7546
120,228,HELPED_BY,7547
65,228,HELPED_BY,7547
909,228,TREATED_BY,7547
65,906,HELPED_BY,7548
28,4,HELPED_BY,7548
28,75,HELPED_BY,7548
28,906,HELPED_BY,7548
17,906,HELPED_BY,7548
119,9,TREATED_BY,7549
910,10,HELPED_BY,7551
634,13,HELPED_BY,7552
349,13,ALLEVIATES,7552
9,911,WORSENED_BY,7553
9,642,TRIGGERED_BY,7553
912,9,ALLEVIATES,7553
10,344,WORSENED_BY,7554
379,13,ALLEVIATES,7555
913,9,RELATED_TO,7556
634,10,ALLEVIATES,7558
914,10,RELATED_TO,7559
915,10,ALLEVIATES,7559
349,10,ALLEVIATES,7559
916,9,ALLEVIATES,7560
337,103,ALLEVIATES,7566
917,9,TRIGGERED_BY,7568
693,9,TRIGGERS,7583
13,885,RELATED_TO,7584
101,885,ALLEVIATES,7584
92,885,ALLEVIATES,7584
885,9,WORSENED_BY,7584
441,10,RELATED_TO,7585
28,441,HELPS,7585
23,441,HELPS,7585
92,441,HELPS,7585
884,9,TRIGGERED_BY,7593
9,151,RELATED_TO,7596
9,456,RELATED_TO,7596
76,456,ALLEVIATES,7598
9,918,TRIGGERED_BY,7604
10,902,TREATED_BY,7605
902,902,REFERENCES_INTERVENTION,7605
13,654,TRIGGERED_BY,7610
919,7,ALLEVIATES,7631
349,919,SUGGESTS_STRATEGY,7631
14,920,TARGETS,7639
14,921,TARGETS,7639
52,920,ALLEVIATES,7639
52,921,ALLEVIATES,7639
65,920,ALLEVIATES,7639
65,921,ALLEVIATES,7639
23,921,ALLEVIATES,7639
922,10,ALLEVIATES,7647
65,514,ALLEVIATES,7684
23,514,ALLEVIATES,7684
52,514,ALLEVIATES,7684
10,228,RELATED_TO,7689
923,10,TRIGGERED_BY,7690
337,787,ALLEVIATES,7697
357,787,ALLEVIATES,7697
52,787,ALLEVIATES,7697
14,787,REFERENCES_INTERVENTION,7697
65,787,ALLEVIATES,7697
509,9,HELPED_BY,7744
20,14,TREATED_BY,7746
101,3,ALLEVIATES,7758
444,96,WORSENED_BY,7794
85,444,RELATED_TO,7794
29,14,TARGETS,7831
29,65,SUGGESTS_STRATEGY,7831
29,23,SUGGESTS_STRATEGY,7831
32,77,SUGGESTS_STRATEGY,7838
32,65,SUGGESTS_STRATEGY,7838
22,337,SUGGESTS_STRATEGY,7840
10,924,RELATED_TO,7842
315,924,ALLEVIATES,7842
14,924,ALLEVIATES,7842
10,581,WORSENED_BY,7843
10,445,WORSENED_BY,7843
227,353,ALLEVIATES,7853
415,160,RELATED_TO,7854
160,14,TREATED_BY,7854
73,19,ALLEVIATES,7855
23,245,ALLEVIATES,7856
92,245,ALLEVIATES,7856
77,245,ALLEVIATES,7856
925,14,TREATED_BY,7858
28,245,ALLEVIATES,7867
8,926,TARGETS,7868
927,10,ALLEVIATES,7868
927,13,ALLEVIATES,7869
66,71,MANAGED_BY,7871
386,440,TRIGGERED_BY,7879
440,13,TRIGGERED_BY,7879
71,92,MANAGED_BY,7884
357,13,ALLEVIATES,7887
23,928,HELPED_BY,7901
23,929,ALLEVIATES,7903
119,13,TREATED_BY,7904
694,228,TARGETS,7906
694,10,ALLEVIATES,7906
332,13,RELATED_TO,7907
122,85,RELATED_TO,7908
120,85,ALLEVIATES,7908
10,930,TRIGGERED_BY,7909
931,10,RELATED_TO,7909
23,931,ALLEVIATES,7909
9,932,TRIGGERED_BY,7910
353,932,TRIGGERED_BY,7910
887,9,TRIGGERED_BY,7914
9,42,TRIGGERED_BY,7932
10,42,TRIGGERED_BY,7932
3,42,TRIGGERED_BY,7932
701,9,ALLEVIATES,7939
76,22,ALLEVIATES,7946
534,65,MANAGED_BY,7968
534,52,MANAGED_BY,7968
933,10,TRIGGERED_BY,7982
10,315,TREATED_BY,7982
930,10,TRIGGERED_BY,7984
934,10,ALLEVIATES,7984
14,315,REFERENCES_INTERVENTION,7986
28,333,ALLEVIATES,7987
908,19,TRIGGERED_BY,7990
76,19,ALLEVIATES,7990
28,19,ALLEVIATES,7990
893,103,ALLEVIATES,7992
14,303,SUGGESTS_STRATEGY,7997
432,353,ALLEVIATES,7998
432,13,ALLEVIATES,8000
935,13,RELATED_TO,8013
935,14,TREATED_BY,8013
10,914,RELATED_TO,8016
914,353,WORSENED_BY,8016
23,914,ALLEVIATES,8016
8,914,ALLEVIATES,8016
14,914,TREATED_BY,8016
791,10,WORSENED_BY,8042
521,13,WORSENED_BY,8047
472,13,WORSENED_BY,8047
65,474,HELPED_BY,8048
52,474,HELPED_BY,8048
905,13,RELATED_TO,8050
65,386,MANAGES,8055
77,103,HELPED_BY,8078
357,103,ALLEVIATES,8078
28,103,ALLEVIATES,8078
28,357,RELATED_TO,8078
609,228,ALLEVIATES,8081
120,496,ALLEVIATES,8081
496,97,TREATED_BY,8081
228,97,TREATED_BY,8081
937,10,ALLEVIATES,8082
937,444,ALLEVIATES,8082
13,938,RELATED_TO,8083
939,938,HELPED_BY,8083
695,938,ALLEVIATES,8083
938,97,TREATED_BY,8083
4,97,TREATED_BY,8084
262,97,TREATED_BY,8084
23,262,ALLEVIATES,8084
357,4,ALLEVIATES,8084
357,262,ALLEVIATES,8084
107,4,ALLEVIATES,8084
107,262,ALLEVIATES,8084
228,14,TREATED_BY,8085
355,228,ALLEVIATES,8086
112,14,TREATED_BY,8086
120,4,ALLEVIATES,8087
120,75,ALLEVIATES,8087
695,4,ALLEVIATES,8087
695,75,ALLEVIATES,8087
4,14,TREATED_BY,8087
228,4,RELATED_TO,8087
228,75,RELATED_TO,8087
940,13,RELATED_TO,8089
695,412,ALLEVIATES,8089
412,14,TREATED_BY,8089
85,23,ALLEVIATES,8092
85,8,ALLEVIATES,8092
103,97,TARGETS,8092
85,97,TARGETS,8092
10,941,ALLEVIATES,8093
10,227,ALLEVIATES,8093
22,942,TRIGGERED_BY,8094
22,228,RELATED_TO,8094
228,609,ALLEVIATES,8094
262,75,RELATED_TO,8095
262,65,HELPED_BY,8095
75,65,HELPED_BY,8095
262,337,HELPED_BY,8095
75,337,HELPED_BY,8095
262,92,HELPED_BY,8095
75,92,HELPED_BY,8095
75,97,TREATED_BY,8095
10,943,TRIGGERED_BY,8096
132,943,TRIGGERED_BY,8096
10,609,ALLEVIATES,8096
132,23,ALLEVIATES,8096
132,609,ALLEVIATES,8096
132,97,ALLEVIATES,8096
85,228,RELATED_TO,8097
122,120,ALLEVIATES,8097
122,97,ALLEVIATES,8097
10,76,ALLEVIATES,8098
22,45,ALLEVIATES,8099
10,904,TRIGGERED_BY,8100
238,13,ALLEVIATES,8119
10,31,HELPED_BY,8123
65,76,HELPED_BY,8124
32,370,TRIGGERED_BY,8125
13,370,WORSENED_BY,8125
944,10,RELATED_TO,8126
337,944,ALLEVIATES,8126
71,97,MANAGED_BY,8129
10,945,TRIGGERED_BY,8146
9,945,RELATED_TO,8146
337,124,ALLEVIATES,8155
92,124,ALLEVIATES,8155
267,10,TRIGGERED_BY,8162
97,387,SUGGESTS_STRATEGY,8162
97,267,SUGGESTS_STRATEGY,8162
85,10,RELATED_TO,8168
8,343,TARGETS,8185
52,343,ALLEVIATES,8185
9,73,HELPED_BY,8193
13,946,RELATED_TO,8212
13,905,RELATED_TO,8212
13,947,RELATED_TO,8215
379,9,ALLEVIATES,8216
245,9,RELATED_TO,8217
337,245,ALLEVIATES,8217
228,353,RELATED_TO,8218
13,948,RELATED_TO,8219
359,22,HELPED_BY,8221
101,353,ALLEVIATES,8240
949,13,TRIGGERED_BY,8272
949,10,TRIGGERED_BY,8274
23,555,MANAGED_BY,8275
29,97,TREATED_BY,8283
357,160,ALLEVIATES,8285
71,61,MANAGED_BY,8286
71,532,MANAGED_BY,8286
97,532,SUGGESTS_STRATEGY,8286
10,441,TRIGGERED_BY,8287
465,441,TRIGGERED_BY,8287
14,278,REFERENCES_INTERVENTION,8289
357,32,ALLEVIATES,8289
31,32,ALLEVIATES,8289
209,228,ALLEVIATES,8294
872,228,TRIGGERED_BY,8298
7,107,RELATED_TO,8299
337,752,ALLEVIATES,8300
45,752,ALLEVIATES,8300
65,752,ALLEVIATES,8300
752,14,TREATED_BY,8300
77,240,HELPED_BY,8332
786,240,HELPED_BY,8332
65,481,HELPED_BY,8332
14,481,TREATED_BY,8332
28,34,HELPED_BY,8334
92,34,HELPED_BY,8334
77,34,HELPED_BY,8334
10,933,TRIGGERED_BY,8351
10,950,TRIGGERED_BY,8351
13,871,RELATED_TO,8352
10,444,WORSENED_BY,8353
13,951,RELATED_TO,8354
13,952,RELATED_TO,8354
13,24,RELATED_TO,8359
13,6,RELATED_TO,8359
8,953,TARGETS,8360
953,9,RELATED_TO,8360
10,887,TRIGGERED_BY,8363
28,23,RELATED_TO,8382
894,9,ALLEVIATES,8394
894,122,ALLEVIATES,8397
894,412,ALLEVIATES,8397
65,412,ALLEVIATES,8397
97,122,TARGETS,8397
97,412,TARGETS,8397
32,787,TRIGGERED_BY,8424
654,13,TRIGGERED_BY,8457
77,654,TARGETS,8457
65,954,HELPS,8459
14,954,HELPS,8459
4,228,RELATED_TO,8460
955,10,TARGETS,8471
13,230,RELATED_TO,8475
956,465,RELATED_TO,8493
71,957,RELATED_TO,8493
956,957,RELATED_TO,8493
52,957,ALLEVIATES,8493
956,97,MANAGED_BY,8493
52,329,MANAGED_BY,8494
97,79,SUGGESTS_STRATEGY,8495
13,34,RELATED_TO,8496
958,10,TRIGGERED_BY,8498
958,22,TRIGGERED_BY,8498
14,959,SUGGESTS_STRATEGY,8498
959,22,ALLEVIATES,8498
9,899,RELATED_TO,8499
893,13,ALLEVIATES,8515
414,97,TREATED_BY,8516
412,97,TREATED_BY,8516
414,65,HELPED_BY,8516
412,65,HELPED_BY,8516
414,76,HELPED_BY,8516
414,509,HELPED_BY,8516
960,124,TRIGGERED_BY,8518
28,960,ALLEVIATES,8518
357,960,ALLEVIATES,8518
65,960,ALLEVIATES,8518
960,14,TREATED_BY,8518
72,961,TRIGGERED_BY,8519
330,9,ALLEVIATES,8520
329,330,TREATED_BY,8520
962,10,WORSENED_BY,8541
963,13,TRIGGERED_BY,8542
963,4,TRIGGERED_BY,8542
963,75,TRIGGERED_BY,8542
387,4,TRIGGERED_BY,8545
683,13,RELATED_TO,8545
336,964,TRIGGERED_BY,8549
964,13,RELATED_TO,8549
965,10,RELATED_TO,8569
14,965,TARGETS,8569
13,461,RELATED_TO,8573
966,13,ALLEVIATES,8574
909,10,REFERENCES_INTERVENTION,8575
10,85,RELATED_TO,8575
967,10,HELPED_BY,8576
968,9,TRIGGERED_BY,8577
968,10,TRIGGERED_BY,8577
969,13,HELPED_BY,8578
471,13,TARGETS,8578
287,13,TARGETS,8578
76,76,SUGGESTS_STRATEGY,8588
774,13,TRIGGERED_BY,8613
337,52,RELATED_TO,8626
65,34,ALLEVIATES,8647
387,65,MANAGED_BY,8667
387,97,MANAGED_BY,8667
28,28,SUGGESTS_STRATEGY,8692
38,38,SUGGESTS_STRATEGY,8695
970,9,WORSENED_BY,8704
887,10,TRIGGERED_BY,8708
322,13,RELATED_TO,8730
28,52,RELATED_TO,8731
240,78,RELATED_TO,8732
654,705,WORSENED_BY,8733
28,82,RELATED_TO,8733
14,82,SUGGESTS_STRATEGY,8733
971,10,TRIGGERED_BY,8734
971,22,TRIGGERED_BY,8734
13,271,RELATED_TO,8735
97,106,TARGETS,8737
97,78,TARGETS,8737
65,106,ALLEVIATES,8737
973,106,TRIGGERED_BY,8737
973,972,TRIGGERED_BY,8737
420,9,TRIGGERED_BY,8739
13,240,RELATED_TO,8740
297,13,TRIGGERED_BY,8740
297,240,TRIGGERED_BY,8740
465,101,MANAGED_BY,8749
432,3,HELPED_BY,8752
204,13,TREATED_BY,8753
893,228,TARGETS,8754
228,160,RELATED_TO,8756
355,160,HELPED_BY,8756
432,160,HELPED_BY,8756
652,465,TRIGGERED_BY,8758
893,132,TARGETS,8759
353,791,TRIGGERED_BY,8781
10,278,TREATED_BY,8784
974,13,RELATED_TO,8787
315,555,TARGETS,8810
10,652,RELATED_TO,8823
13,258,TRIGGERED_BY,8828
975,9,TRIGGERS,8842
13,974,RELATED_TO,8843
976,974,ALLEVIATES,8843
976,412,ALLEVIATES,8843
85,13,RELATED_TO,8845
891,10,TRIGGERS,8848
242,9,TRIGGERS,8849
977,978,RELATED_TO,8862
977,10,RELATED_TO,8862
23,977,ALLEVIATES,8862
52,977,ALLEVIATES,8862
52,978,ALLEVIATES,8862
652,65,MANAGED_BY,8868
652,73,MANAGED_BY,8868
652,52,MANAGED_BY,8868
13,392,RELATED_TO,8869
392,359,HELPED_BY,8869
507,9,RELATED_TO,8874
507,14,MANAGED_BY,8874
3,979,TRIGGERED_BY,8902
13,979,TRIGGERED_BY,8902
10,980,TRIGGERED_BY,8903
579,981,TRIGGERED_BY,8903
579,10,RELATED_TO,8903
982,13,RELATED_TO,8905
9,970,TRIGGERED_BY,8906
9,983,TRIGGERED_BY,8906
88,9,TARGETS,8906
984,420,TRIGGERED_BY,8907
385,13,RELATED_TO,8907
984,13,RELATED_TO,8907
9,985,TRIGGERED_BY,8908
9,397,TRIGGERED_BY,8909
9,986,TRIGGERED_BY,8910
987,10,HELPS,8911
791,353,RELATED_TO,8912
896,9,TRIGGERS,8913
444,9,RELATED_TO,8913
988,9,RELATED_TO,8913
8,988,TARGETS,8913
872,160,TRIGGERS,8914
353,160,RELATED_TO,8914
315,160,TARGETS,8914
990,13,TRIGGERS,8915
990,544,RELATED_TO,8915
13,989,RELATED_TO,8915
108,989,TARGETS,8915
991,10,TRIGGERS,8917
992,10,RELATED_TO,8917
993,9,HELPS,8918
994,9,TRIGGERS,8918
995,10,TRIGGERS,8919
8,579,TARGETS,8919
52,337,SUGGESTS_STRATEGY,8939
996,9,TRIGGERED_BY,8951
997,9,TRIGGERED_BY,8951
998,9,TRIGGERED_BY,8951
13,909,REFERENCES_INTERVENTION,8956
160,315,TREATED_BY,8957
160,119,REFERENCES_INTERVENTION,8957
315,119,REFERENCES_INTERVENTION,8957
22,119,REFERENCES_INTERVENTION,8958
13,119,REFERENCES_INTERVENTION,8959
10,760,RELATED_TO,8960
23,760,ALLEVIATES,8960
38,47,ALLEVIATES,8961
10,555,TRIGGERED_BY,8974
97,238,SUGGESTS_STRATEGY,8974
122,445,WORSENED_BY,8991
10,983,TRIGGERED_BY,8998
9,999,TRIGGERED_BY,9000
97,124,TARGETS,9052
77,124,TARGETS,9055
14,124,TARGETS,9059
52,29,ALLEVIATES,9091
13,594,RELATED_TO,9094
52,705,alleviates,9104
10,787,RELATED_TO,9117
787,337,ALLEVIATES,9117
22,47,RELATED_TO,9139
908,333,TRIGGERED_BY,9140
52,908,MANAGED_BY,9140
65,908,ALLEVIATES,9140
337,908,ALLEVIATES,9140
14,908,TARGETS,9140
471,160,TARGETS,9155
357,52,RELATED_TO,9181
72,387,TRIGGERED_BY,9183
13,72,RELATED_TO,9184
13,387,WORSENED_BY,9201
14,534,TARGETS,9219
961,9,TRIGGERED_BY,9240
151,387,WORSENED_BY,9266
795,9,ALLEVIATES,9269
9,1000,TRIGGERED_BY,9285
465,1000,TRIGGERED_BY,9285
1001,9,TRIGGERED_BY,9291
10,160,RELATED_TO,9338
120,272,ALLEVIATES,9381
419,419,SUGGESTS_STRATEGY,9381
22,654,TRIGGERED_BY,9382
120,120,SUGGESTS_STRATEGY,9383
23,1002,ALLEVIATES,9388
329,20,WORSENED_BY,9390
555,22,TRIGGERED_BY,9407
336,78,WORSENED_BY,9413
1003,13,WORSENED_BY,9416
97,534,TARGETS,9428
357,534,ALLEVIATES,9428
32,153,TRIGGERED_BY,9451
465,1004,TRIGGERED_BY,9454
465,1005,TRIGGERED_BY,9454
9,1004,TRIGGERED_BY,9454
9,1005,TRIGGERED_BY,9454
65,899,ALLEVIATES,9457
23,899,ALLEVIATES,9457
6,13,RELATED_TO,9458
899,9,RELATED_TO,9460
659,10,ALLEVIATES,9462
97,440,TARGETS,9462
10,1006,TRIGGERED_BY,9463
874,10,TARGETS,9463
874,1006,TARGETS,9463
97,208,TARGETS,9464
8,208,TARGETS,9464
8,1007,TARGETS,9465
97,1008,TARGETS,9466
8,1008,TARGETS,9466
14,1007,TARGETS,9470
9,1009,TRIGGERED_BY,9474
336,1009,WORSENED_BY,9474
336,71,WORSENED_BY,9477
97,82,SUGGESTS_STRATEGY,9482
10,796,RELATED_TO,9485
92,4,HELPED_BY,9504
16,3,TARGETS,9513
8,315,SUGGESTS_STRATEGY,9516
8,38,SUGGESTS_STRATEGY,9516
10,1010,TREATED_BY,9521
1010,10,ALLEVIATES,9521
1012,1011,HELPED_BY,9524
750,1011,MANAGED_BY,9524
1011,14,TREATED_BY,9524
9,1013,WORSENED_BY,9528
77,1013,MANAGED_BY,9528
65,1013,MANAGED_BY,9528
1011,20,TRIGGERED_BY,9530
1011,8,TREATED_BY,9530
17,1011,ALLEVIATES,9530
77,1011,ALLEVIATES,9530
469,23,RELATED_TO,9531
315,14,REFERENCES_INTERVENTION,9552
315,97,REFERENCES_INTERVENTION,9556
16,97,REFERENCES_INTERVENTION,9557
1014,228,TARGETS,9583
1014,13,TARGETS,9583
315,315,REFERENCES_INTERVENTION,9602
893,9,HELPED_BY,9611
786,4,HELPED_BY,9615
23,240,HELPED_BY,9615
4,359,TREATED_BY,9615
228,449,RELATED_TO,9620
255,449,HELPED_BY,9620
228,359,TREATED_BY,9620
228,122,RELATED_TO,9625
90,65,MANAGED_BY,9626
271,8,TREATED_BY,9627
122,228,RELATED_TO,9629
9,447,TREATED_BY,9632
32,207,TREATED_BY,9637
9,132,RELATED_TO,9638
445,160,WORSENED_BY,9640
22,361,TRIGGERED_BY,9641
14,166,SUGGESTS_STRATEGY,9642
22,77,MANAGED_BY,9648
255,4,ALLEVIATES,9661
255,75,ALLEVIATES,9661
359,228,TARGETS,9661
359,4,ALLEVIATES,9661
359,75,ALLEVIATES,9661
14,271,TARGETS,9662
1015,32,RELATED_TO,9665
267,465,RELATED_TO,9667
267,334,RELATED_TO,9667
9,1016,TRIGGERED_BY,9691
469,13,ALLEVIATES,9693
16,16,REFERENCES_INTERVENTION,9695
1017,13,TRIGGERED_BY,9704
609,13,ALLEVIATES,9704
609,22,ALLEVIATES,9706
20,1018,TRIGGERED_BY,9708
3,1018,RELATED_TO,9708
65,1018,ALLEVIATES,9708
1019,13,TRIGGERED_BY,9710
329,13,TRIGGERED_BY,9710
989,13,TRIGGERED_BY,9710
13,1020,WORSENED_BY,9736
353,1020,TRIGGERED_BY,9736
14,1020,TARGETS,9736
13,1021,TRIGGERED_BY,9751
766,4,SUGGESTS_STRATEGY,9751
13,1022,TRIGGERED_BY,9752
262,13,RELATED_TO,9752
160,28,MANAGED_BY,9754
160,893,MANAGED_BY,9754
160,65,MANAGED_BY,9754
160,1023,TREATED_BY,9754
9,1024,TRIGGERED_BY,9755
13,1023,TREATED_BY,9758
10,1023,TREATED_BY,9759
151,13,RELATED_TO,9760
754,13,RELATED_TO,9760
13,193,WORSENED_BY,9760
97,240,REFERENCES_INTERVENTION,9773
10,1025,RELATED_TO,9802
609,245,ALLEVIATES,9806
160,1026,WORSENED_BY,9807
10,1027,RELATED_TO,9808
1027,8,TREATED_BY,9808
255,85,ALLEVIATES,9809
444,97,TREATED_BY,9809
1028,13,RELATED_TO,9819
13,208,RELATED_TO,9834
1029,10,ALLEVIATES,9835
885,10,ALLEVIATES,9835
228,230,RELATED_TO,9837
353,228,TRIGGERED_BY,9837
10,208,RELATED_TO,9838
1030,13,TRIGGERED_BY,9842
1031,13,RELATED_TO,9842
13,1032,WORSENED_BY,9843
9,894,MANAGED_BY,9844
13,1033,WORSENED_BY,9845
9,107,MANAGED_BY,9846
10,1034,WORSENED_BY,9847
13,1034,WORSENED_BY,9848
13,107,MANAGED_BY,9848
1035,10,RELATED_TO,9885
22,1035,RELATED_TO,9885
1035,8,TREATED_BY,9885
960,97,TREATED_BY,9902
45,960,ALLEVIATES,9902
1011,3,RELATED_TO,9907
65,1011,MANAGED_BY,9907
16,353,TARGETS,9914
10,271,WORSENED_BY,9922
65,103,ALLEVIATES,9924
103,228,WORSENED_BY,9924
337,228,ALLEVIATES,9927
160,228,WORSENED_BY,9928
9,228,WORSENED_BY,9930
420,13,TRIGGERED_BY,9942
463,787,TRIGGERED_BY,9944
32,440,TRIGGERED_BY,9948
204,10,TARGETS,9948
204,203,SUGGESTS_STRATEGY,9948
42,353,WORSENED_BY,9950
886,787,TRIGGERED_BY,9952
101,787,ALLEVIATES,9952
795,13,SUGGESTS_STRATEGY,9992
13,1036,WORSENED_BY,9995
107,7,ALLEVIATES,9997
8,871,TARGETS,10033
871,8,TREATED_BY,10033
717,13,RELATED_TO,10037
52,717,ALLEVIATES,10037
386,13,TRIGGERED_BY,10046
52,38,SUGGESTS_STRATEGY,10051
10,1037,TRIGGERED_BY,10053
881,65,MANAGED_BY,10054
38,28,SUGGESTS_STRATEGY,10055
909,13,TARGETS,10063
909,9,ALLEVIATES,10067
969,10,ALLEVIATES,10071
65,1038,ALLEVIATES,10072
65,1039,ALLEVIATES,10072
9,1040,TREATED_BY,10072
1038,1040,TREATED_BY,10072
151,1040,TREATED_BY,10072
908,1042,TRIGGERED_BY,10073
908,82,MANAGED_BY,10073
908,1041,MANAGED_BY,10073
8,245,ALLEVIATES,10075
8,877,ALLEVIATES,10075
1043,10,ALLEVIATES,10075
10,1044,WORSENED_BY,10075
10,502,TRIGGERED_BY,10076
908,65,MANAGED_BY,10077
908,1045,MANAGED_BY,10077
908,236,MANAGED_BY,10077
38,908,ALLEVIATES,10077
908,1023,TREATED_BY,10077
13,385,WORSENED_BY,10078
908,73,MANAGED_BY,10079
908,66,MANAGED_BY,10079
9,1046,TRIGGERED_BY,10080
10,1046,TRIGGERED_BY,10080
9,895,WORSENED_BY,10080
13,446,TRIGGERED_BY,10109
7,446,RELATED_TO,10109
4,32,TRIGGERED_BY,10143
65,1047,ALLEVIATES,10148
76,1047,ALLEVIATES,10148
890,1047,TREATED_BY,10148
23,1047,ALLEVIATES,10148
359,1047,ALLEVIATES,10148
45,45,SUGGESTS_STRATEGY,10152
472,3,TRIGGERED_BY,10156
472,9,TRIGGERED_BY,10156
9,84,WORSENED_BY,10164
61,19,MANAGED_BY,10164
720,208,SUGGESTS_STRATEGY,10181
120,208,ALLEVIATES,10181
97,160,REFERENCES_INTERVENTION,10182
38,315,SUGGESTS_STRATEGY,10184
1049,1048,TARGETS,10184
38,1049,SUGGESTS_STRATEGY,10184
8,386,TARGETS,10185
23,386,HELPED_BY,10185
1050,10,TRIGGERED_BY,10188
14,871,TARGETS,10189
9,49,RELATED_TO,10190
1049,10,TARGETS,10192
9,1051,RELATED_TO,10217
9,1052,RELATED_TO,10220
387,705,TRIGGERED_BY,10244
29,13,RELATED_TO,10248
1053,10,TRIGGERED_BY,10256
13,207,TREATED_BY,10263
13,874,TREATED_BY,10266
13,911,WORSENED_BY,10267
791,32,RELATED_TO,10269
65,1054,ALLEVIATES,10270
77,1054,ALLEVIATES,10270
13,190,RELATED_TO,10315
101,190,HELPS,10315
77,190,HELPS,10315
32,75,TRIGGERS,10317
10,154,TREATED_BY,10321
13,154,TREATED_BY,10324
154,271,TARGETS,10324
1055,10,ALLEVIATES,10325
13,1056,TREATED_BY,10326
13,1057,RELATED_TO,10328
1058,10,RELATED_TO,10333
23,1058,ALLEVIATES,10333
28,1058,ALLEVIATES,10333
18,1058,TARGETS,10333
929,10,RELATED_TO,10335
28,929,ALLEVIATES,10335
18,929,TARGETS,10335
330,10,TARGETS,10337
29,1059,RELATED_TO,10339
1060,1059,RELATED_TO,10339
1059,14,TREATED_BY,10339
65,1059,ALLEVIATES,10339
77,1059,ALLEVIATES,10339
32,478,TREATED_BY,10341
361,97,REFERENCES_INTERVENTION,10346
13,28,SUGGESTS_STRATEGY,10349
13,795,MANAGED_BY,10350
13,114,MANAGED_BY,10350
13,203,MANAGED_BY,10350
385,353,RELATED_TO,10361
8,977,TARGETS,10364
13,1061,TRIGGERED_BY,10365
9,444,TRIGGERED_BY,10366
385,449,RELATED_TO,10367
701,10,ALLEVIATES,10369
23,701,SUGGESTS_STRATEGY,10369
151,9,RELATED_TO,10371
32,160,RELATED_TO,10407
1062,7,TRIGGERED_BY,10421
1062,13,WORSENED_BY,10421
791,449,TRIGGERED_BY,10421
449,13,RELATED_TO,10421
1063,10,HELPED_BY,10426
1053,9,TRIGGERED_BY,10428
203,75,ALLEVIATES,10430
42,3,TRIGGERED_BY,10433
14,893,SUGGESTS_STRATEGY,10444
53,8,HELPED_BY,10446
9,693,TRIGGERED_BY,10450
9,152,RELATED_TO,10492
23,152,ALLEVIATES,10492
14,152,TARGETS,10492
449,4,RELATED_TO,10493
14,449,ALLEVIATES,10493
654,4,TRIGGERED_BY,10494
75,4,RELATED_TO,10497
75,1013,RELATED_TO,10497
4,1013,RELATED_TO,10497
654,1013,TRIGGERED_BY,10497
14,1013,TARGETS,10497
13,341,RELATED_TO,10498
13,1065,RELATED_TO,10498
14,1065,TARGETS,10498
240,481,RELATED_TO,10499
32,240,TRIGGERED_BY,10499
228,240,WORSENED_BY,10499
14,238,SUGGESTS_STRATEGY,10508
76,160,HELPS_BY,10509
14,76,SUGGESTS_STRATEGY,10509
13,1066,TRIGGERED_BY,10512
8,1011,ALLEVIATES,10541
52,641,MANAGED_BY,10541
337,913,ALLEVIATES,10542
386,19,TRIGGERED_BY,10542
883,9,TRIGGERED_BY,10543
414,1065,WORSENED_BY,10545
412,1065,WORSENED_BY,10545
1011,1065,WORSENED_BY,10545
337,1011,ALLEVIATES,10545
92,1011,ALLEVIATES,10545
77,2,ALLEVIATES,10547
335,13,TARGETS,10547
13,335,TREATED_BY,10547
1075,9,TRIGGERED_BY,10548
1076,9,TRIGGERED_BY,10548
337,116,ALLEVIATES,10548
395,9,TRIGGERED_BY,10549
1065,9,TRIGGERED_BY,10549
1019,85,TRIGGERED_BY,10550
1079,85,TRIGGERED_BY,10550
1079,13,TRIGGERED_BY,10550
13,983,TRIGGERED_BY,10552
13,481,RELATED_TO,10554
10,929,RELATED_TO,10556
52,929,ALLEVIATES,10556
10,1084,TRIGGERED_BY,10560
1085,10,TRIGGERED_BY,10581
97,705,TARGETS,10601
1060,13,RELATED_TO,10627
1086,13,RELATED_TO,10627
10,1087,RELATED_TO,10638
1087,32,TRIGGERED_BY,10638
65,24,HELPED_BY,10682
440,9,TRIGGERED_BY,10683
440,19,TRIGGERED_BY,10683
1002,13,RELATED_TO,10685
1009,9,TRIGGERED_BY,10691
52,1009,TARGETS,10695
22,1037,TRIGGERED_BY,10702
65,555,ALLEVIATES,10728
976,13,ALLEVIATES,10729
160,337,HELPED_BY,10732
22,28,HELPED_BY,10734
23,28,SUGGESTS_STRATEGY,10735
10,564,TRIGGERED_BY,10761
10,1088,TRIGGERED_BY,10762
13,976,TREATED_BY,10763
13,238,HELPED_BY,10763
9,255,HELPED_BY,10764
9,119,REFERENCES_INTERVENTION,10766
4,509,HELPED_BY,10767
13,1089,TREATED_BY,10767
10,255,HELPED_BY,10768
10,158,HELPED_BY,10769
10,909,REFERENCES_INTERVENTION,10769
160,18,TREATED_BY,10770
160,255,HELPED_BY,10770
52,90,TARGETS,10771
420,4,TRIGGERED_BY,10772
420,122,TRIGGERED_BY,10772
77,122,ALLEVIATES,10772
392,13,WORSENED_BY,10812
1090,10,TRIGGERED_BY,10813
609,160,ALLEVIATES,10814
1091,10,ALLEVIATES,10815
1092,10,WORSENED_BY,10816
392,9,TRIGGERED_BY,10817
1093,9,TRIGGERED_BY,10817
1092,9,TRIGGERED_BY,10817
10,478,TREATED_BY,10818
1094,10,TRIGGERED_BY,10819
466,32,TRIGGERED_BY,10837
466,14,TREATED_BY,10837
28,353,ALLEVIATES,10839
65,534,ALLEVIATES,10862
77,534,ALLEVIATES,10862
465,705,RELATED_TO,10879
705,71,RELATED_TO,10879
196,357,HELPED_BY,10884
228,8,TREATED_BY,10887
469,3,TARGETS,10891
204,23,SUGGESTS_STRATEGY,10892
1095,13,ALLEVIATES,10922
14,412,ALLEVIATES,10925
10,419,HELPED_BY,10928
13,419,MANAGED_BY,10930
1096,13,TARGETS,10932
16,6,TARGETS,10932
16,122,TARGETS,10932
14,595,REFERENCES_INTERVENTION,10987
4,52,HELPED_BY,10994
8,978,TARGETS,11000
23,978,ALLEVIATES,11000
978,65,MANAGED_BY,11000
978,337,MANAGED_BY,11000
14,978,TARGETS,11000
355,10,ALLEVIATES,11015
10,958,TRIGGERED_BY,11071
787,958,TRIGGERED_BY,11071
28,787,ALLEVIATES,11071
787,14,TREATED_BY,11071
787,1097,TRIGGERED_BY,11072
10,1097,TRIGGERED_BY,11072
1098,10,ALLEVIATES,11072
10,1094,TRIGGERED_BY,11073
787,9,TRIGGERED_BY,11074
9,1099,TRIGGERED_BY,11076
609,9,ALLEVIATES,11076
9,1101,TRIGGERED_BY,11077
9,1102,TRIGGERED_BY,11077
1100,9,TRIGGERED_BY,11077
111,9,ALLEVIATES,11077
1103,13,ALLEVIATES,11078
28,444,ALLEVIATES,11079
111,444,ALLEVIATES,11079
8,444,ALLEVIATES,11079
160,1104,TRIGGERED_BY,11080
1105,160,ALLEVIATES,11080
111,160,ALLEVIATES,11080
8,24,ALLEVIATES,11082
970,10,RELATED_TO,11088
315,886,TARGETS,11090
1106,10,TRIGGERED_BY,11093
1106,787,TRIGGERED_BY,11093
59,787,TRIGGERED_BY,11093
1107,10,TRIGGERED_BY,11094
52,1107,ALLEVIATES,11094
14,440,TARGETS,11095
52,103,ALLEVIATES,11095
986,9,TRIGGERED_BY,11097
319,9,ALLEVIATES,11098
1108,258,ALLEVIATES,11099
330,258,TARGETS,11099
85,387,TRIGGERED_BY,11132
793,9,HELPED_BY,11132
14,387,TARGETS,11132
9,1109,TRIGGERED_BY,11134
10,1109,TRIGGERED_BY,11134
14,507,TARGETS,11135
1110,13,HELPED_BY,11137
10,923,TRIGGERED_BY,11138
77,923,MANAGED_BY,11138
13,1111,TRIGGERED_BY,11140
120,449,HELPED_BY,11162
65,449,HELPED_BY,11162
23,449,HELPED_BY,11162
120,870,HELPED_BY,11162
65,870,HELPED_BY,11162
23,870,HELPED_BY,11162
10,1112,TRIGGERED_BY,11171
9,141,TRIGGERED_BY,11172
132,141,TRIGGERED_BY,11172
103,32,TRIGGERED_BY,11174
13,1113,TRIGGERED_BY,11175
13,469,TREATED_BY,11178
97,469,SUGGESTS_STRATEGY,11178
18,71,ALLEVIATES,11179
10,1114,TRIGGERED_BY,11180
1115,9,ALLEVIATES,11181
131,14,RELATED_TO,11183
28,38,RELATED_TO,11184
23,38,RELATED_TO,11184
1116,13,TARGETS,11185
1116,32,TARGETS,11185
1047,13,RELATED_TO,11187
1047,890,TREATED_BY,11187
38,160,ALLEVIATES,11189
59,336,RELATED_TO,11192
353,386,TRIGGERED_BY,11200
22,71,TRIGGERED_BY,11227
705,28,ALLEVIATES,11239
705,65,MANAGED_BY,11239
705,92,ALLEVIATES,11239
705,23,ALLEVIATES,11239
1117,10,RELATED_TO,11241
609,929,ALLEVIATES,11242
353,1011,RELATED_TO,11243
23,1011,ALLEVIATES,11243
255,1011,ALLEVIATES,11243
14,1011,TARGETS,11243
100,100,REFERENCES_INTERVENTION,11244
1044,796,TRIGGERED_BY,11245
796,14,TREATED_BY,11245
796,38,HELPED_BY,11245
796,23,HELPED_BY,11245
1118,977,RELATED_TO,11246
992,1118,TRIGGERED_BY,11246
992,977,TRIGGERED_BY,11246
18,1118,ALLEVIATES,11246
18,977,ALLEVIATES,11246
23,1118,ALLEVIATES,11246
97,1118,TARGETS,11246
97,977,TARGETS,11246
1044,22,TRIGGERED_BY,11247
42,1011,TRIGGERED_BY,11248
334,1011,TRIGGERED_BY,11248
16,1011,TARGETS,11248
1011,1119,RELATED_TO,11249
20,1011,TRIGGERED_BY,11249
76,1011,ALLEVIATES,11249
8,1119,TARGETS,11249
9,994,RELATED_TO,11250
961,994,TRIGGERED_BY,11250
97,994,TARGETS,11250
9,886,TRIGGERED_BY,11266
1120,13,TRIGGERED_BY,11271
983,9,TRIGGERED_BY,11272
1121,9,TRIGGERED_BY,11278
1023,10,TARGETS,11291
8,929,ALLEVIATES,11297
13,1122,RELATED_TO,11299
353,42,RELATED_TO,11300
13,894,HELPED_BY,11314
10,867,TRIGGERED_BY,11315
336,867,TRIGGERED_BY,11315
190,65,MANAGED_BY,11317
71,353,WORSENED_BY,11320
8,71,TARGETS,11335
1123,13,TRIGGERED_BY,11341
1124,13,RELATED_TO,11341
910,22,ALLEVIATES,11345
71,903,TREATED_BY,11348
13,62,HELPED_BY,11349
1125,10,ALLEVIATES,11350
97,221,TARGETS,11374
10,607,TRIGGERED_BY,11401
18,75,ALLEVIATES,11402
18,122,ALLEVIATES,11402
75,32,TRIGGERED_BY,11402
122,32,TRIGGERED_BY,11402
444,581,TRIGGERED_BY,11403
10,341,TRIGGERED_BY,11405
10,1126,TRIGGERED_BY,11408
955,101,SUGGESTS_STRATEGY,11408
38,101,SUGGESTS_STRATEGY,11410
38,92,SUGGESTS_STRATEGY,11410
38,701,SUGGESTS_STRATEGY,11410
14,874,REFERENCES_INTERVENTION,11411
1127,13,TRIGGERED_BY,11415
1127,7,TRIGGERED_BY,11415
13,1128,MANAGED_BY,11416
13,120,MANAGED_BY,11416
14,1128,SUGGESTS_STRATEGY,11416
14,16,REFERENCES_INTERVENTION,11418
1128,10,ALLEVIATES,11420
1129,13,ALLEVIATES,11444
69,337,SUGGESTS_STRATEGY,11448
69,76,SUGGESTS_STRATEGY,11448
69,509,SUGGESTS_STRATEGY,11448
22,386,TRIGGERED_BY,11462
71,21,TRIGGERED_BY,11482
13,21,RELATED_TO,11485
337,21,ALLEVIATES,11485
42,4,TRIGGERED_BY,11501
654,353,WORSENED_BY,11516
652,97,MANAGED_BY,11564
353,521,TRIGGERED_BY,11571
97,521,TARGETS,11571
886,32,TRIGGERED_BY,11572
97,886,TARGETS,11572
34,245,TRIGGERED_BY,11576
48,9,RELATED_TO,11578
336,48,TRIGGERED_BY,11578
203,48,ALLEVIATES,11578
337,357,SUGGESTS_STRATEGY,11586
9,258,TRIGGERED_BY,11612
1130,14,TREATED_BY,11619
1130,8,TREATED_BY,11619
1130,10,RELATED_TO,11619
9,96,TRIGGERED_BY,11642
1131,13,TRIGGERED_BY,11653
654,22,TRIGGERED_BY,11657
14,38,SUGGESTS_STRATEGY,11674
357,48,ALLEVIATES,11681
71,34,RELATED_TO,11737
1094,9,TRIGGERED_BY,11876
1132,10,TRIGGERED_BY,11877
1133,10,TRIGGERED_BY,11880
1134,10,TRIGGERED_BY,11880
9,705,RELATED_TO,11881
1135,10,WORSENED_BY,11904
791,13,WORSENED_BY,11907
1136,10,RELATED_TO,11909
9,1023,TREATED_BY,11929
337,965,ALLEVIATES,11938
23,965,ALLEVIATES,11938
65,965,ALLEVIATES,11938
965,14,TREATED_BY,11938
334,79,MANAGED_BY,11952
334,61,MANAGED_BY,11952
899,19,RELATED_TO,11956
77,899,ALLEVIATES,11956
14,899,ALLEVIATES,11956
245,34,RELATED_TO,11958
90,465,RELATED_TO,11959
14,90,ALLEVIATES,11959
432,4,HELPED_BY,11961
28,1137,ALLEVIATES,11963
114,1137,ALLEVIATES,11963
502,9,WORSENED_BY,11964
1138,10,TRIGGERED_BY,11967
1139,9,TRIGGERED_BY,11968
9,392,RELATED_TO,11968
983,13,TRIGGERED_BY,11969
1106,914,TRIGGERED_BY,11970
983,10,TRIGGERED_BY,11970
1140,13,TARGETS,11971
1140,1140,SUGGESTS_STRATEGY,11971
131,353,TARGETS,11992
1009,97,MANAGED_BY,12006
10,1141,TRIGGERED_BY,12010
502,10,TRIGGERED_BY,12041
1044,10,WORSENED_BY,12043
386,1142,RELATED_TO,12046
337,1142,ALLEVIATES,12046
97,1142,TARGETS,12046
100,13,TARGETS,12049
872,1035,TRIGGERED_BY,12050
737,13,HELPED_BY,12055
737,3,HELPED_BY,12060
9,609,MANAGED_BY,12064
9,31,HELPED_BY,12064
13,609,HELPED_BY,12067
8,609,SUGGESTS_STRATEGY,12067
1143,14,TREATED_BY,12068
13,1144,MANAGED_BY,12069
13,255,HELPED_BY,12069
13,1145,TRIGGERED_BY,12081
1066,465,TRIGGERED_BY,12095
1066,9,TRIGGERED_BY,12095
101,208,ALLEVIATES,12113
208,353,RELATED_TO,12113
208,13,RELATED_TO,12113
1146,13,TRIGGERS,12114
1146,7,TRIGGERS,12114
1146,353,TRIGGERS,12114
97,1027,TARGETS,12116
28,1027,ALLEVIATES,12116
357,1027,ALLEVIATES,12116
23,1027,ALLEVIATES,12116
92,1027,ALLEVIATES,12116
10,397,RELATED_TO,12118
1147,9,TRIGGERED_BY,12122
1066,13,TRIGGERED_BY,12130
119,22,TARGETS,12151
1148,10,WORSENED_BY,12152
247,1148,ALLEVIATES,12152
77,1148,ALLEVIATES,12152
38,1148,ALLEVIATES,12152
471,10,TARGETS,12152
471,1148,TARGETS,12152
61,652,HELPED_BY,12153
909,72,TARGETS,12154
1149,10,TRIGGERED_BY,12155
469,440,TARGETS,12156
469,71,TARGETS,12156
261,9,TARGETS,12159
10,955,TREATED_BY,12161
97,156,MANAGED_BY,12184
770,10,RELATED_TO,12185
977,14,TREATED_BY,12185
770,14,TREATED_BY,12185
16,361,TARGETS,12188
13,867,TRIGGERED_BY,12190
155,13,RELATED_TO,12206
207,13,TARGETS,12216
10,440,RELATED_TO,12217
1150,14,TREATED_BY,12235
32,1151,TRIGGERED_BY,12237
205,97,TREATED_BY,12237
1151,97,TREATED_BY,12237
20,361,RELATED_TO,12280
28,151,ALLEVIATES,12322
938,13,RELATED_TO,12323
76,938,ALLEVIATES,12323
28,938,ALLEVIATES,12323
65,938,ALLEVIATES,12326
10,1105,TREATED_BY,12335
1152,10,TRIGGERED_BY,12343
8,705,TARGETS,12349
315,705,TARGETS,12349
1015,3,RELATED_TO,12358
14,1015,TARGETS,12358
65,923,TARGETS,12359
1128,353,TARGETS,12361
1022,13,TRIGGERED_BY,12384
14,934,SUGGESTS_STRATEGY,12389
203,103,ALLEVIATES,12411
92,386,TARGETS,12414
1153,10,WORSENED_BY,12424
22,315,HELPED_BY,12433
7,16,TREATED_BY,12436
10,207,TREATED_BY,12437
32,469,TREATED_BY,12439
7,19,RELATED_TO,12467
7,387,TRIGGERED_BY,12469
22,933,TRIGGERED_BY,12485
22,888,TRIGGERED_BY,12485
1154,10,TRIGGERED_BY,12531
108,10,TARGETS,12558
361,32,RELATED_TO,12580
97,258,TARGETS,12584
97,16,REFERENCES_INTERVENTION,12586
1155,9,ALLEVIATES,12604
14,906,TARGETS,12605
13,906,RELATED_TO,12605
124,336,RELATED_TO,12609
13,1011,RELATED_TO,12614
894,1011,ALLEVIATES,12614
101,929,ALLEVIATES,12616
22,60,MANAGED_BY,12617
609,353,TARGETS,12618
13,1075,RELATED_TO,12622
10,1156,RELATED_TO,12626
532,28,SUGGESTS_STRATEGY,12626
532,92,SUGGESTS_STRATEGY,12626
532,77,SUGGESTS_STRATEGY,12626
76,1156,ALLEVIATES,12626
1156,14,REFERENCES_INTERVENTION,12626
13,1156,RELATED_TO,12627
1157,10,TRIGGERED_BY,12631
97,103,TARGETS,12632
19,386,TRIGGERED_BY,12640
228,23,TREATED_BY,12662
228,22,RELATED_TO,12667
228,581,TRIGGERED_BY,12668
18,353,ALLEVIATES,12671
20,329,RELATED_TO,12678
472,10,WORSENED_BY,12680
3,1011,RELATED_TO,12697
387,14,TREATED_BY,12712
10,1158,TRIGGERED_BY,12719
13,329,TRIGGERED_BY,12755
1159,10,TARGETS,12772
71,22,TRIGGERED_BY,12787
336,16,TREATED_BY,12794
23,77,SUGGESTS_STRATEGY,12814
353,315,TREATED_BY,12835
445,13,TRIGGERED_BY,12836
1160,353,TRIGGERED_BY,12840
1020,353,TRIGGERED_BY,12840
14,469,REFERENCES_INTERVENTION,12841
521,353,RELATED_TO,12842
13,892,RELATED_TO,12842
14,131,REFERENCES_INTERVENTION,12842
14,184,SUGGESTS_STRATEGY,12844
10,1161,TRIGGERED_BY,12847
13,1162,TRIGGERED_BY,12848
14,107,SUGGESTS_STRATEGY,12848
10,1163,TRIGGERED_BY,12850
9,170,TRIGGERED_BY,12853
22,334,TRIGGERED_BY,12857
8,28,SUGGESTS_STRATEGY,12877
8,45,SUGGESTS_STRATEGY,12877
1164,13,TRIGGERS,12887
1164,336,RELATED_TO,12887
14,652,TARGETS,12888
38,23,RELATED_TO,12905
881,85,RELATED_TO,12924
1165,10,ALLEVIATES,12924
1166,10,TRIGGERED_BY,12926
1118,10,RELATED_TO,12927
9,1065,RELATED_TO,12929
97,76,SUGGESTS_STRATEGY,12960
4,1167,TRIGGERED_BY,12982
75,1167,TRIGGERED_BY,12982
10,1168,TRIGGERED_BY,12983
31,864,TARGETS,12984
1169,864,TARGETS,12984
1169,466,ALLEVIATES,12984
1169,9,ALLEVIATES,12984
334,1170,TRIGGERED_BY,12985
51,336,RELATED_TO,12987
461,9,TRIGGERED_BY,12988
461,4,TRIGGERED_BY,12988
1171,32,TARGETS,12988
48,334,RELATED_TO,12992
864,9,RELATED_TO,12996
864,465,RELATED_TO,12996
864,14,TREATED_BY,12996
864,52,MANAGED_BY,12996
336,507,RELATED_TO,12997
1172,13,RELATED_TO,13001
14,861,TARGETS,13002
359,861,HELPED_BY,13002
52,1173,ALLEVIATES,13005
359,1173,ALLEVIATES,13005
1173,353,RELATED_TO,13005
1174,334,RELATED_TO,13006
1175,334,RELATED_TO,13006
1174,27,TRIGGERED_BY,13006
1175,27,TRIGGERED_BY,13006
23,786,RELATED_TO,13021
14,1176,TARGETS,13021
418,97,TREATED_BY,13031
14,204,REFERENCES_INTERVENTION,13032
8,37,TARGETS,13032
204,37,TARGETS,13032
23,37,TARGETS,13032
418,32,TRIGGERED_BY,13034
8,418,TARGETS,13034
204,418,TARGETS,13034
19,336,RELATED_TO,13046
1177,14,TREATED_BY,13048
1177,9,WORSENED_BY,13048
203,1177,TARGETS,13048
337,32,ALLEVIATES,13049
720,720,SUGGESTS_STRATEGY,13085
782,303,TRIGGERED_BY,13106
782,52,MANAGED_BY,13106
418,9,TRIGGERED_BY,13111
97,418,TREATED_BY,13111
23,418,ALLEVIATES,13111
77,418,ALLEVIATES,13111
336,418,RELATED_TO,13111
1178,28,HELPED_BY,13142
747,444,TRIGGERED_BY,13147
444,353,RELATED_TO,13147
649,336,RELATED_TO,13148
79,77,HELPED_BY,13148
420,14,TREATED_BY,13149
77,14,RELATED_TO,13149
710,6,RELATED_TO,13150
710,49,RELATED_TO,13150
710,1179,RELATED_TO,13150
710,77,HELPED_BY,13150
1179,801,RELATED_TO,13150
98,71,TRIGGERED_BY,13154
98,10,TRIGGERED_BY,13154
98,203,HELPED_BY,13154
98,65,HELPED_BY,13154
334,359,MANAGED_BY,13155
334,77,HELPED_BY,13162
120,1180,HELPS,13163
120,1181,HELPS,13163
52,1180,HELPS,13163
52,1181,HELPS,13163
14,1180,TARGETS,13163
14,1181,TARGETS,13163
1180,353,RELATED_TO,13163
121,607,ALLEVIATES,13168
52,607,ALLEVIATES,13168
359,607,TARGETS,13168
359,121,TARGETS,13168
910,465,ALLEVIATES,13171
336,1182,MANAGED_BY,13172
334,166,MANAGED_BY,13172
334,203,MANAGED_BY,13172
65,964,HELPED_BY,13173
964,14,TREATED_BY,13173
913,334,RELATED_TO,13175
1183,334,RELATED_TO,13175
78,65,HELPED_BY,13177
32,1184,RELATED_TO,13178
1184,14,TREATED_BY,13178
1184,65,HELPED_BY,13178
1184,52,HELPED_BY,13178
203,78,TARGETS,13179
166,10,ALLEVIATES,13180
864,32,TRIGGERED_BY,13182
14,864,TARGETS,13182
788,10,RELATED_TO,13185
359,788,HELPED_BY,13185
788,32,TRIGGERED_BY,13188
10,1185,TRIGGERED_BY,13196
13,1185,TRIGGERED_BY,13196
353,1185,TRIGGERED_BY,13196
7,1185,TRIGGERED_BY,13196
97,1186,TARGETS,13203
52,1186,TARGETS,13203
52,121,TARGETS,13205
445,121,WORSENED_BY,13205
32,418,TRIGGERED_BY,13207
420,418,TRIGGERED_BY,13207
465,418,RELATED_TO,13207
14,418,TARGETS,13207
79,48,ALLEVIATES,13208
359,303,HELPED_BY,13209
65,303,MANAGED_BY,13209
9,864,TRIGGERED_BY,13214
32,864,RELATED_TO,13214
52,864,ALLEVIATES,13214
1187,9,TRIGGERED_BY,13215
1187,103,TRIGGERED_BY,13215
1187,465,RELATED_TO,13215
14,1187,TARGETS,13215
387,1188,TRIGGERED_BY,13219
32,1188,RELATED_TO,13219
1188,353,RELATED_TO,13219
1188,336,RELATED_TO,13219
14,1188,TARGETS,13219
184,303,ALLEVIATES,13241
650,303,HELPS_BY,13241
1189,1189,SUGGESTS_STRATEGY,13241
357,203,HELPS_BY,13248
32,867,TRIGGERED_BY,13250
9,867,TRIGGERED_BY,13250
1159,303,HELPED_BY,13261
166,52,RELATED_TO,13265
97,1190,TARGETS,13271
1190,203,HELPED_BY,13271
32,1190,RELATED_TO,13271
1191,1190,RELATED_TO,13271
465,1190,RELATED_TO,13271
4,336,TRIGGERED_BY,13272
336,1192,RELATED_TO,13272
48,27,TRIGGERED_BY,13273
403,48,ALLEVIATES,13273
184,48,ALLEVIATES,13274
336,4,RELATED_TO,13275
336,156,RELATED_TO,13275
336,782,RELATED_TO,13275
184,782,ALLEVIATES,13275
132,32,TRIGGERED_BY,13276
34,8,TREATED_BY,13276
1193,163,TARGETS,13281
627,336,TARGETS,13281
1194,336,TREATED_BY,13281
1194,163,ALLEVIATES,13281
1195,336,TARGETS,13284
1196,336,TARGETS,13284
864,124,TRIGGERED_BY,13291
221,465,TRIGGERED_BY,13293
52,76,SUGGESTS_STRATEGY,13293
76,221,ALLEVIATES,13293
28,334,ALLEVIATES,13298
14,1198,HELPS,13303
1198,336,ALLEVIATES,13303
52,418,HELPS,13304
420,353,TRIGGERS,13308
361,418,TRIGGERS,13309
9,418,TRIGGERS,13309
418,334,RELATED_TO,13311
97,37,TARGETS,13324
1197,37,TARGETS,13324
1199,37,TARGETS,13324
97,1197,REFERENCES_INTERVENTION,13324
97,1199,REFERENCES_INTERVENTION,13324
52,37,HELPS,13324
97,1200,TARGETS,13327
8,1200,TARGETS,13327
52,1200,HELPS,13327
23,1200,HELPS,13327
52,357,REFERENCES_INTERVENTION,13328
52,166,REFERENCES_INTERVENTION,13330
52,165,REFERENCES_INTERVENTION,13330
184,1195,REFERENCES_INTERVENTION,13330
160,9,RELATED_TO,13346
445,336,RELATED_TO,13359
1201,10,WORSENED_BY,13361
1201,228,TRIGGERED_BY,13361
52,1201,MANAGED_BY,13361
65,361,MANAGED_BY,13363
337,27,ALLEVIATES,13364
124,48,TRIGGERED_BY,13364
27,14,TREATED_BY,13364
420,6,TRIGGERED_BY,13365
420,496,TRIGGERED_BY,13365
496,14,TREATED_BY,13365
65,420,MANAGED_BY,13365
336,740,RELATED_TO,13367
336,1202,RELATED_TO,13367
52,1202,ALLEVIATES,13367
3,228,RELATED_TO,13368
3,461,RELATED_TO,13368
353,6,RELATED_TO,13369
403,6,ALLEVIATES,13369
1203,10,TRIGGERED_BY,13370
353,1203,RELATED_TO,13370
97,1203,TARGETS,13370
8,1203,HELPED_BY,13370
654,418,TRIGGERED_BY,13377
14,1204,TARGETS,13378
334,23,HELPED_BY,13387
204,14,REFERENCES_INTERVENTION,13391
1205,10,RELATED_TO,13393
1206,10,RELATED_TO,13393
8,1206,TARGETS,13393
8,1205,TARGETS,13393
9,1044,WORSENED_BY,13395
97,607,TARGETS,13396
740,303,WORSENED_BY,13396
607,303,WORSENED_BY,13396
1207,740,RELATED_TO,13396
97,983,TARGETS,13397
14,66,SUGGESTS_STRATEGY,13399
10,1208,WORSENED_BY,13401
297,10,TRIGGERED_BY,13401
10,1209,WORSENED_BY,13402
1210,445,TARGETS,13402
1210,10,TARGETS,13402
9,1212,TRIGGERED_BY,13403
97,1211,TARGETS,13403
97,1212,TARGETS,13403
77,1212,HELPED_BY,13403
160,319,WORSENED_BY,13404
14,1213,TARGETS,13405
166,1213,HELPED_BY,13405
165,1213,HELPED_BY,13405
645,1213,HELPED_BY,13405
1213,336,RELATED_TO,13405
128,97,RELATED_TO,13406
1182,97,RELATED_TO,13406
97,87,HELPED_BY,13406
1182,1214,TARGETS,13406
1215,821,HELPED_BY,13408
23,1215,HELPED_BY,13408
92,1215,HELPED_BY,13408
23,821,HELPED_BY,13408
77,1215,HELPED_BY,13408
786,1215,HELPED_BY,13408
1216,1217,WORSENED_BY,13410
120,1216,HELPED_BY,13410
166,1217,HELPED_BY,13410
645,1217,HELPED_BY,13410
361,1216,TRIGGERED_BY,13410
1218,336,TARGETS,13411
1195,334,SUGGESTS_STRATEGY,13412
1032,13,WORSENED_BY,13414
407,353,RELATED_TO,13417
14,407,ALLEVIATES,13417
1219,336,HELPED_BY,13419
158,32,ALLEVIATES,13427
62,9,ALLEVIATES,13441
7,792,RELATED_TO,13471
85,792,RELATED_TO,13471
891,7,TRIGGERED_BY,13471
891,85,TRIGGERED_BY,13471
97,792,TARGETS,13471
184,792,TARGETS,13471
297,782,TRIGGERED_BY,13472
782,792,RELATED_TO,13472
14,782,TREATED_BY,13472
14,792,TARGETS,13472
8,782,ALLEVIATES,13472
1220,9,WORSENED_BY,13475
1220,10,WORSENED_BY,13475
1220,103,WORSENED_BY,13475
913,336,RELATED_TO,13477
1221,336,RELATED_TO,13477
1099,336,WORSENED_BY,13477
220,184,SUGGESTS_STRATEGY,13477
472,782,WORSENED_BY,13478
782,10,RELATED_TO,13478
220,782,ALLEVIATES,13478
791,1222,WORSENED_BY,13479
791,607,WORSENED_BY,13479
1222,792,RELATED_TO,13479
607,792,RELATED_TO,13479
8,1222,ALLEVIATES,13479
8,607,ALLEVIATES,13479
466,418,RELATED_TO,13480
120,925,ALLEVIATES,13481
1223,353,TARGETS,13481
1223,925,ALLEVIATES,13481
1224,353,TARGETS,13481
1225,782,HELPS,13483
1226,782,HELPS,13483
70,782,HELPS,13483
461,385,TRIGGERED_BY,13484
461,649,TRIGGERED_BY,13484
228,461,RELATED_TO,13484
433,1227,TARGETS,13485
23,1227,HELPS,13485
204,1228,TARGETS,13485
1227,336,RELATED_TO,13485
1228,336,RELATED_TO,13485
14,1227,TARGETS,13485
14,1228,TARGETS,13485
1229,32,RELATED_TO,13486
874,1229,TARGETS,13486
893,245,ALLEVIATES,13489
85,858,RELATED_TO,13490
166,858,HELPS,13490
165,303,HELPED_BY,13492
654,303,TRIGGERED_BY,13497
337,14,RELATED_TO,13517
97,166,SUGGESTS_STRATEGY,13522
97,1230,SUGGESTS_STRATEGY,13522
131,336,REFERENCES_INTERVENTION,13548
1231,3,TARGETS,13551
3,1231,REFERENCES_INTERVENTION,13551
1232,3,TRIGGERED_BY,13552
1169,336,TARGETS,13553
1233,336,MANAGED_BY,13553
336,1169,REFERENCES_INTERVENTION,13553
336,1233,SUGGESTS_STRATEGY,13553
1182,336,TARGETS,13554
79,405,HELPED_BY,13554
79,406,HELPED_BY,13554
1182,405,TARGETS,13554
1182,406,TARGETS,13554
82,461,MANAGED_BY,13555
203,461,MANAGED_BY,13555
158,461,TARGETS,13555
461,82,SUGGESTS_STRATEGY,13555
461,158,REFERENCES_INTERVENTION,13555
798,121,WORSENED_BY,13556
69,798,MANAGED_BY,13556
798,353,WORSENED_BY,13556
353,69,SUGGESTS_STRATEGY,13556
121,97,REFERENCES_INTERVENTION,13556
303,163,TRIGGERED_BY,13557
303,116,TRIGGERED_BY,13557
1234,163,WORSENED_BY,13557
97,163,TARGETS,13557
97,116,TARGETS,13557
97,1234,TARGETS,13557
184,163,MANAGED_BY,13557
163,184,SUGGESTS_STRATEGY,13557
130,336,WORSENED_BY,13558
115,130,TARGETS,13558
1,130,TARGETS,13558
406,79,SUGGESTS_STRATEGY,13558
406,115,SUGGESTS_STRATEGY,13558
406,1,SUGGESTS_STRATEGY,13558
357,1235,ALLEVIATES,13559
357,1151,ALLEVIATES,13559
357,205,ALLEVIATES,13559
65,1235,ALLEVIATES,13559
14,1235,TARGETS,13559
1235,357,SUGGESTS_STRATEGY,13559
1235,65,SUGGESTS_STRATEGY,13559
1235,14,REFERENCES_INTERVENTION,13559
1151,1235,RELATED_TO,13559
205,1235,RELATED_TO,13559
1237,405,WORSENED_BY,13560
1237,1236,WORSENED_BY,13560
1238,1236,MANAGED_BY,13560
1239,1236,MANAGED_BY,13560
14,1236,MANAGED_BY,13560
1236,1238,SUGGESTS_STRATEGY,13560
1236,1239,SUGGESTS_STRATEGY,13560
405,14,REFERENCES_INTERVENTION,13560
336,405,MANAGED_BY,13561
353,788,RELATED_TO,13562
788,65,HELPED_BY,13562
97,204,REFERENCES_INTERVENTION,13564
864,97,TREATED_BY,13568
864,8,TREATED_BY,13568
654,864,TRIGGERED_BY,13568
788,23,HELPED_BY,13569
336,204,TREATED_BY,13570
303,71,TRIGGERED_BY,13576
336,69,MANAGED_BY,13581
336,92,MANAGED_BY,13581
334,60,MANAGED_BY,13583
97,60,SUGGESTS_STRATEGY,13583
418,361,TRIGGERED_BY,13601
418,465,TRIGGERED_BY,13601
1240,102,TRIGGERED_BY,13621
1240,6,TRIGGERED_BY,13621
893,102,ALLEVIATES,13621
893,6,ALLEVIATES,13621
97,893,SUGGESTS_STRATEGY,13621
32,1087,RELATED_TO,13622
891,47,TRIGGERED_BY,13623
47,7,RELATED_TO,13623
353,47,RELATED_TO,13623
258,334,WORSENED_BY,13630
353,29,RELATED_TO,13637
128,9,TARGETS,13666
49,336,TRIGGERED_BY,13674
32,357,HELPED_BY,13680
52,28,SUGGESTS_STRATEGY,13680
77,221,SUGGESTS_STRATEGY,13681
8,221,TREATED_BY,13681
958,32,TRIGGERED_BY,13684
1241,14,TREATED_BY,13693
32,791,TRIGGERED_BY,13693
1241,32,WORSENED_BY,13693
82,322,TARGETS,13693
69,336,TARGETS,13694
1242,336,RELATED_TO,13698
65,1242,ALLEVIATES,13698
23,1242,ALLEVIATES,13698
220,196,TARGETS,13711
1140,353,TARGETS,13714
69,353,TARGETS,13714
14,1140,REFERENCES_INTERVENTION,13714
97,158,REFERENCES_INTERVENTION,13719
534,23,HELPED_BY,13722
359,418,HELPS,13724
418,387,TRIGGERED_BY,13728
32,1243,TRIGGERED_BY,13739
1244,97,TREATED_BY,13742
419,1244,ALLEVIATES,13742
65,1244,ALLEVIATES,13742
419,334,ALLEVIATES,13744
534,10,RELATED_TO,13763
1245,207,TREATED_BY,13772
14,654,TARGETS,13772
1246,334,TRIGGERED_BY,13773
14,1246,TARGETS,13773
166,1246,HELPS,13773
14,650,SUGGESTS_STRATEGY,13773
650,334,HELPS,13773
1247,782,TRIGGERED_BY,13774
1247,10,TRIGGERED_BY,13774
1247,336,WORSENED_BY,13774
79,782,HELPS,13774
1169,10,ALLEVIATES,13774
1248,9,TRIGGERED_BY,13775
1248,10,TRIGGERED_BY,13775
1249,7,TRIGGERED_BY,13776
1249,336,TRIGGERED_BY,13776
747,1250,RELATED_TO,13777
97,747,TARGETS,13777
97,1250,ALLEVIATES,13777
97,236,SUGGESTS_STRATEGY,13777
236,747,HELPS,13777
293,163,TARGETS,13778
1251,334,HELPS,13778
1252,10,ALLEVIATES,13780
1252,13,ALLEVIATES,13780
1253,353,TARGETS,13781
782,32,TRIGGERED_BY,13794
65,782,ALLEVIATES,13794
23,782,ALLEVIATES,13794
1254,10,TRIGGERED_BY,13802
1254,353,TRIGGERED_BY,13802
1254,7,TRIGGERED_BY,13802
1254,465,TRIGGERED_BY,13808
336,1255,TRIGGERED_BY,13811
336,297,TRIGGERED_BY,13811
353,1255,TRIGGERED_BY,13811
353,297,TRIGGERED_BY,13811
881,1256,RELATED_TO,13812
336,881,WORSENED_BY,13812
336,1256,WORSENED_BY,13812
881,23,HELPED_BY,13812
1256,23,HELPED_BY,13812
1256,65,HELPED_BY,13812
4,23,HELPED_BY,13815
47,445,TRIGGERED_BY,13816
47,14,TREATED_BY,13816
336,445,WORSENED_BY,13819
465,4,RELATED_TO,13820
3,48,RELATED_TO,13824
19,303,TRIGGERED_BY,13831
77,71,ALLEVIATES,13837
71,77,HELPED_BY,13847
445,353,WORSENED_BY,13861
97,789,TARGETS,13862
166,789,ALLEVIATES,13862
52,789,ALLEVIATES,13862
336,607,WORSENED_BY,13882
353,607,RELATED_TO,13882
1151,32,RELATED_TO,13890
23,1257,ALLEVIATES,13901
101,1257,ALLEVIATES,13901
97,864,TARGETS,13901
10,792,RELATED_TO,13902
579,792,RELATED_TO,13902
97,579,TARGETS,13902
18,579,ALLEVIATES,13902
18,607,ALLEVIATES,13902
867,1258,WORSENED_BY,13903
17,228,ALLEVIATES,13905
9,1259,RELATED_TO,13907
70,1259,MANAGED_BY,13907
66,1259,MANAGED_BY,13907
1260,1259,MANAGED_BY,13907
17,913,ALLEVIATES,13908
9,1261,RELATED_TO,13910
10,1261,RELATED_TO,13910
48,203,MANAGED_BY,13924
357,196,ALLEVIATES,13926
32,359,TREATED_BY,13927
747,97,TREATED_BY,13940
788,97,TREATED_BY,13941
788,7,RELATED_TO,13941
10,72,RELATED_TO,13943
72,32,TRIGGERED_BY,13943
160,303,TRIGGERED_BY,13944
47,334,TRIGGERED_BY,13945
336,407,RELATED_TO,13946
6,102,RELATED_TO,13950
102,334,TRIGGERED_BY,13950
1255,336,TRIGGERED_BY,13951
297,336,TRIGGERED_BY,13956
720,52,RELATED_TO,13963
793,52,RELATED_TO,13963
79,71,HELPS,13987
418,65,HELPED_BY,14009
1262,336,MANAGED_BY,14021
65,864,TARGETS,14070
337,864,TARGETS,14070
303,3,WORSENED_BY,14085
1263,10,ALLEVIATES,14102
1245,32,WORSENED_BY,14104
1245,10,RELATED_TO,14104
14,1245,TREATED_BY,14104
97,1264,TREATED_BY,14105
97,1265,MANAGED_BY,14105
65,1265,MANAGED_BY,14105
359,1265,MANAGED_BY,14105
65,121,HELPED_BY,14105
786,1264,HELPED_BY,14106
77,1264,HELPED_BY,14106
359,1264,HELPED_BY,14106
786,32,MANAGED_BY,14107
786,353,MANAGED_BY,14107
196,48,RELATED_TO,14108
1050,48,TRIGGERED_BY,14108
1050,7,TRIGGERED_BY,14108
359,864,TARGETS,14109
77,208,ALLEVIATES,14141
337,208,ALLEVIATES,14141
293,14,RELATED_TO,14143
131,704,TARGETS,14143
534,22,RELATED_TO,14145
48,465,RELATED_TO,14147
48,303,TRIGGERED_BY,14147
336,704,TRIGGERED_BY,14150
23,120,RELATED_TO,14182
65,87,HELPED_BY,14182
403,203,RELATED_TO,14185
14,403,TARGETS,14185
14,793,TARGETS,14186
32,158,HELPED_BY,14187
502,32,TRIGGERED_BY,14232
1268,303,TARGETS,14233
1260,336,TARGETS,14233
1269,465,TRIGGERED_BY,14235
303,7,TRIGGERED_BY,14236
1270,334,TARGETS,14237
61,303,ALLEVIATES,14240
1271,10,TRIGGERS,14244
101,534,ALLEVIATES,14247
418,336,RELATED_TO,14248
337,418,ALLEVIATES,14264
97,499,TARGETS,14266
52,499,ALLEVIATES,14266
203,499,ALLEVIATES,14266
797,465,RELATED_TO,14271
97,797,TARGETS,14271
77,864,SUGGESTS_STRATEGY,14291
158,864,HELPED_BY,14291
1156,9,TRIGGERED_BY,14295
1156,10,TRIGGERED_BY,14295
1156,228,TRIGGERED_BY,14295
925,336,RELATED_TO,14297
448,196,TRIGGERED_BY,14298
448,32,TRIGGERED_BY,14298
8,1151,ALLEVIATES,14299
8,205,ALLEVIATES,14299
278,1151,ALLEVIATES,14299
278,205,ALLEVIATES,14299
37,13,RELATED_TO,14308
92,37,ALLEVIATES,14308
868,32,TRIGGERED_BY,14311
461,359,SUGGESTS_STRATEGY,14334
749,359,SUGGESTS_STRATEGY,14334
654,205,TRIGGERED_BY,14336
654,1235,TRIGGERED_BY,14336
101,205,ALLEVIATES,14336
101,1235,ALLEVIATES,14336
782,14,TREATED_BY,14338
353,355,HELPED_BY,14341
353,509,HELPED_BY,14341
7,255,ALLEVIATES,14342
786,77,HELPED_BY,14343
334,70,HELPED_BY,14344
334,1268,HELPED_BY,14344
788,14,TREATED_BY,14346
788,120,HELPED_BY,14346
13,38,HELPED_BY,14347
353,255,HELPED_BY,14348
336,659,HELPED_BY,14348
336,255,HELPED_BY,14348
336,793,HELPED_BY,14349
793,353,HELPED_BY,14349
34,247,HELPED_BY,14350
34,1272,HELPED_BY,14350
34,337,HELPED_BY,14350
34,23,HELPED_BY,14350
802,336,RELATED_TO,14351
85,336,RELATED_TO,14351
786,802,ALLEVIATES,14351
14,802,TARGETS,14351
465,1273,TRIGGERED_BY,14352
14,1273,TARGETS,14352
9,1274,TRIGGERED_BY,14353
61,1274,SUGGESTS_STRATEGY,14353
115,334,SUGGESTS_STRATEGY,14355
9,581,TRIGGERED_BY,14357
581,334,RELATED_TO,14357
1275,336,RELATED_TO,14358
70,1275,SUGGESTS_STRATEGY,14358
166,1275,SUGGESTS_STRATEGY,14358
48,654,TRIGGERED_BY,14359
786,654,TARGETS,14359
788,353,RELATED_TO,14374
1156,8,TREATED_BY,14381
52,1156,ALLEVIATES,14381
805,788,TRIGGERED_BY,14382
805,783,TRIGGERED_BY,14382
336,805,RELATED_TO,14382
336,783,RELATED_TO,14382
14,805,TARGETS,14382
1156,1276,TRIGGERED_BY,14383
151,1156,WORSENED_BY,14383
333,1276,RELATED_TO,14383
151,333,WORSENED_BY,14383
65,151,ALLEVIATES,14383
1277,1276,TARGETS,14383
1277,1277,REFERENCES_INTERVENTION,14383
14,1151,TARGETS,14384
478,14,RELATED_TO,14384
336,160,TRIGGERED_BY,14385
954,160,RELATED_TO,14385
786,160,TARGETS,14385
954,52,HELPED_BY,14385
1215,1278,RELATED_TO,14386
1215,252,RELATED_TO,14386
1215,84,RELATED_TO,14386
97,1215,TARGETS,14386
23,252,TARGETS,14386
336,1279,RELATED_TO,14387
336,1280,RELATED_TO,14387
1279,71,TRIGGERED_BY,14387
1280,71,TRIGGERED_BY,14387
1182,1279,TARGETS,14387
1182,1280,TARGETS,14387
1182,1182,REFERENCES_INTERVENTION,14387
85,1276,RELATED_TO,14388
19,1276,RELATED_TO,14388
203,1276,TARGETS,14388
97,1276,TARGETS,14388
79,1279,ALLEVIATES,14389
818,1279,ALLEVIATES,14389
964,420,TRIGGERED_BY,14390
97,964,TARGETS,14390
23,964,ALLEVIATES,14390
336,394,MANAGED_BY,14392
336,818,MANAGED_BY,14393
336,61,MANAGED_BY,14394
52,61,SUGGESTS_STRATEGY,14400
203,782,HELPED_BY,14412
786,7,TARGETS,14413
32,1281,TRIGGERED_BY,14467
97,1282,TARGETS,14491
418,654,TRIGGERED_BY,14497
52,654,TARGETS,14497
786,13,SUGGESTS_STRATEGY,14498
499,14,TREATED_BY,14503
14,499,TARGETS,14503
755,160,ALLEVIATES,14511
1283,14,TREATED_BY,14512
755,1283,ALLEVIATES,14512
65,1283,ALLEVIATES,14512
48,720,MANAGED_BY,14514
48,184,MANAGED_BY,14514
60,48,ALLEVIATES,14514
1284,8,TREATED_BY,14515
120,1285,ALLEVIATES,14515
1284,9,TRIGGERED_BY,14515
1284,791,TRIGGERED_BY,14515
1285,791,WORSENED_BY,14515
864,895,TRIGGERED_BY,14516
864,466,TRIGGERED_BY,14516
864,82,MANAGED_BY,14516
868,14,TREATED_BY,14517
1286,14,TREATED_BY,14518
449,14,TREATED_BY,14518
521,14,TREATED_BY,14518
1286,1287,TRIGGERED_BY,14518
23,1286,ALLEVIATES,14518
862,10,RELATED_TO,14519
862,444,RELATED_TO,14519
444,1288,TRIGGERED_BY,14519
444,387,TRIGGERED_BY,14519
862,14,TREATED_BY,14519
336,449,RELATED_TO,14520
895,336,RELATED_TO,14521
895,10,RELATED_TO,14521
418,353,TRIGGERED_BY,14544
203,864,SUGGESTS_STRATEGY,14553
92,864,SUGGESTS_STRATEGY,14553
203,418,TARGETS,14559
1151,357,HELPED_BY,14562
205,357,HELPED_BY,14562
10,45,HELPED_BY,14563
14,798,TARGETS,14565
9,798,TRIGGERED_BY,14565
10,798,TRIGGERED_BY,14565
320,336,TARGETS,14572
97,1289,TARGETS,14574
97,1290,TARGETS,14574
97,461,TARGETS,14577
1291,97,TREATED_BY,14579
203,1291,TARGETS,14579
1292,7,ALLEVIATES,14579
336,206,WORSENED_BY,14580
37,465,RELATED_TO,14581
1293,120,SUGGESTS_STRATEGY,14582
97,1293,REFERENCES_INTERVENTION,14582
418,7,RELATED_TO,14583
418,158,TREATED_BY,14583
97,1294,TARGETS,14584
8,1294,ALLEVIATES,14584
1293,1294,TARGETS,14584
334,293,TREATED_BY,14586
23,788,ALLEVIATES,14588
220,52,SUGGESTS_STRATEGY,14589
65,322,ALLEVIATES,14603
1295,334,MANAGED_BY,14603
1235,534,RELATED_TO,14604
352,534,RELATED_TO,14604
1296,534,TREATED_BY,14604
418,466,TRIGGERED_BY,14605
418,20,TRIGGERED_BY,14605
1297,336,RELATED_TO,14606
156,1297,WORSENED_BY,14606
1297,32,TRIGGERED_BY,14606
1295,336,MANAGED_BY,14606
14,1297,TREATED_BY,14606
1298,9,RELATED_TO,14607
65,1298,ALLEVIATES,14607
822,1298,ALLEVIATES,14607
1296,10,ALLEVIATES,14609
92,48,ALLEVIATES,14611
9,752,RELATED_TO,14621
10,752,RELATED_TO,14621
1299,336,RELATED_TO,14622
1300,336,RELATED_TO,14622
70,1299,TARGETS,14622
70,1300,TARGETS,14622
1040,336,REFERENCES_INTERVENTION,14622
782,1229,WORSENED_BY,14624
353,782,RELATED_TO,14624
61,782,TARGETS,14624
509,353,ALLEVIATES,14627
119,353,REFERENCES_INTERVENTION,14627
165,782,TARGETS,14628
650,649,TARGETS,14628
228,747,RELATED_TO,14629
228,805,RELATED_TO,14629
1301,747,ALLEVIATES,14629
120,747,SUGGESTS_STRATEGY,14629
1299,1229,RELATED_TO,14630
1300,1229,RELATED_TO,14630
70,1229,TARGETS,14630
220,1229,TREATED_BY,14630
14,1190,TARGETS,14638
52,1190,ALLEVIATES,14638
943,10,TRIGGERED_BY,14648
943,353,TRIGGERED_BY,14648
71,943,RELATED_TO,14648
13,786,HELPED_BY,14668
1302,10,TRIGGERED_BY,14670
1302,9,TRIGGERED_BY,14670
221,4,TRIGGERED_BY,14692
1303,221,HELPED_BY,14692
255,221,HELPED_BY,14692
255,102,HELPED_BY,14694
461,466,RELATED_TO,14695
77,466,HELPED_BY,14695
255,466,HELPED_BY,14695
160,29,RELATED_TO,14699
1245,1304,TREATED_BY,14701
1304,14,REFERENCES_INTERVENTION,14701
1245,14,MANAGED_BY,14702
1245,8,TREATED_BY,14702
32,1305,TREATED_BY,14702
1305,14,REFERENCES_INTERVENTION,14702
14,720,SUGGESTS_STRATEGY,14713
14,680,SUGGESTS_STRATEGY,14713
720,353,ALLEVIATES,14713
680,353,ALLEVIATES,14713
720,10,ALLEVIATES,14715
1306,336,ALLEVIATES,14715
337,1307,ALLEVIATES,14741
23,1307,ALLEVIATES,14741
65,1307,ALLEVIATES,14741
1307,14,TREATED_BY,14741
205,14,TREATED_BY,14744
357,461,ALLEVIATES,14749
77,461,ALLEVIATES,14749
84,52,HELPED_BY,14762
97,53,SUGGESTS_STRATEGY,14762
23,98,ALLEVIATES,14763
97,98,TARGETS,14763
84,65,HELPED_BY,14765
353,38,HELPED_BY,14766
1308,303,TARGETS,14771
393,7,TARGETS,14774
393,1309,RELATED_TO,14774
1310,303,TARGETS,14776
1309,336,TARGETS,14776
97,720,SUGGESTS_STRATEGY,14777
97,1308,SUGGESTS_STRATEGY,14777
1311,65,MANAGED_BY,14778
1311,255,MANAGED_BY,14778
1311,1312,MANAGED_BY,14778
32,868,TRIGGERED_BY,14779
1313,10,ALLEVIATES,14780
1314,336,HELPS,14781
740,32,TRIGGERED_BY,14782
1315,336,HELPS,14783
184,353,HELPS,14783
10,864,WORSENED_BY,14787
8,864,TREATED_BY,14787
418,31,TREATED_BY,14792
271,97,TREATED_BY,14796
418,92,HELPED_BY,14798
418,77,HELPED_BY,14798
196,71,RELATED_TO,14805
609,4,ALLEVIATES,14822
654,334,TRIGGERED_BY,14823
334,29,TRIGGERED_BY,14830
32,337,HELPED_BY,14854
461,52,MANAGED_BY,14855
461,77,HELPED_BY,14855
461,337,HELPED_BY,14855
418,10,RELATED_TO,14859
34,52,MANAGED_BY,14860
32,1245,RELATED_TO,14863
465,57,RELATED_TO,14882
1297,196,RELATED_TO,14883
1316,353,TARGETS,14883
1297,14,TREATED_BY,14883
336,592,WORSENED_BY,14884
465,297,RELATED_TO,14888
14,1317,RELATED_TO,14889
654,97,MANAGED_BY,14890
407,782,RELATED_TO,14891
741,14,TREATED_BY,14891
61,163,TARGETS,14892
720,61,SUGGESTS_STRATEGY,14892
1318,61,SUGGESTS_STRATEGY,14892
1319,9,WORSENED_BY,14895
1319,10,WORSENED_BY,14895
97,1319,TARGETS,14895
786,1319,HELPS,14895
1320,1319,HELPS,14895
13,1321,RELATED_TO,14896
8,1321,ALLEVIATES,14896
786,163,HELPS,14897
14,163,TARGETS,14897
1229,9,WORSENED_BY,14898
1229,303,WORSENED_BY,14898
14,1229,TARGETS,14898
79,1229,HELPS,14898
789,1229,HELPS,14898
151,48,RELATED_TO,14900
336,151,WORSENED_BY,14900
160,92,HELPED_BY,14913
9,1322,TRIGGERED_BY,14916
37,597,RELATED_TO,14920
37,65,TREATED_BY,14920
37,8,TREATED_BY,14920
786,334,SUGGESTS_STRATEGY,14931
786,124,SUGGESTS_STRATEGY,14935
1323,353,WORSENED_BY,14940
1324,32,ALLEVIATES,14985
1006,14,TREATED_BY,14991
1325,14,TREATED_BY,14991
1325,8,TREATED_BY,14991
1326,10,TRIGGERED_BY,14992
1326,9,TRIGGERED_BY,14992
1006,10,TRIGGERED_BY,14993
881,336,RELATED_TO,14994
1327,336,RELATED_TO,14994
166,881,ALLEVIATES,14994
165,1327,ALLEVIATES,14994
77,881,ALLEVIATES,14994
203,788,ALLEVIATES,14995
1092,864,RELATED_TO,14996
1092,32,TRIGGERED_BY,14996
407,336,RELATED_TO,14997
126,407,TRIGGERED_BY,14997
126,607,TRIGGERED_BY,14997
203,407,ALLEVIATES,14997
203,607,ALLEVIATES,14997
407,14,TREATED_BY,14997
607,14,TREATED_BY,14997
1328,336,RELATED_TO,14998
1328,97,TREATED_BY,14998
1329,97,TREATED_BY,14998
1330,97,TREATED_BY,14998
61,90,ALLEVIATES,14999
23,787,ALLEVIATES,15011
65,1229,ALLEVIATES,15019
23,1229,ALLEVIATES,15019
6,126,TRIGGERED_BY,15020
102,126,TRIGGERED_BY,15020
334,1331,MANAGED_BY,15031
1331,465,ALLEVIATES,15031
1331,1331,SUGGESTS_STRATEGY,15031
13,386,TRIGGERED_BY,15038
654,499,TRIGGERED_BY,15041
23,499,ALLEVIATES,15041
65,977,ALLEVIATES,15041
534,654,WORSENED_BY,15043
10,1247,TRIGGERED_BY,15046
336,1247,WORSENED_BY,15046
196,798,TRIGGERED_BY,15052
52,1332,TARGETS,15075
465,1332,TRIGGERED_BY,15076
359,499,ALLEVIATES,15079
65,499,ALLEVIATES,15079
8,499,TARGETS,15079
798,9,RELATED_TO,15081
1333,9,RELATED_TO,15081
465,864,RELATED_TO,15090
334,386,RELATED_TO,15094
635,336,ALLEVIATES,15114
1334,336,RELATED_TO,15134
14,1334,TARGETS,15134
65,1334,HELPED_BY,15134
18,788,TARGETS,15134
18,1334,TARGETS,15134
37,352,RELATED_TO,15137
419,37,HELPED_BY,15137
18,160,TARGETS,15138
1335,10,TRIGGERED_BY,15140
1335,4,TRIGGERED_BY,15140
79,1335,HELPED_BY,15140
359,1335,HELPED_BY,15140
1336,336,HELPED_BY,15141
97,146,TARGETS,15151
77,146,ALLEVIATES,15151
23,146,ALLEVIATES,15151
8,146,ALLEVIATES,15151
337,334,ALLEVIATES,15173
32,1171,TREATED_BY,15193
1171,14,RELATED_TO,15193
71,418,TRIGGERED_BY,15209
158,418,TARGETS,15221
97,1245,TARGETS,15231
1245,97,TREATED_BY,15231
8,1245,ALLEVIATES,15231
52,1245,ALLEVIATES,15231
1245,65,MANAGED_BY,15231
158,1245,TARGETS,15231
1337,465,TRIGGERED_BY,15241
52,1337,TARGETS,15241
271,3,RELATED_TO,15321
786,65,RELATED_TO,15322
4,240,RELATED_TO,15324
9,1338,RELATED_TO,15326
9,1339,RELATED_TO,15326
73,747,ALLEVIATES,15329
303,32,TRIGGERS,15340
97,868,TARGETS,15361
874,13,ALLEVIATES,15362
8,534,TARGETS,15368
337,303,HELPS,15370
92,334,ALLEVIATES,15374
445,196,TRIGGERED_BY,15377
509,509,SUGGESTS_STRATEGY,15392
418,71,RELATED_TO,15453
155,97,TREATED_BY,15490
1341,97,TREATED_BY,15490
155,14,TREATED_BY,15490
1341,14,TREATED_BY,15490
155,52,MANAGED_BY,15490
1341,52,MANAGED_BY,15490
913,49,RELATED_TO,15491
334,913,RELATED_TO,15491
1342,69,RELATED_TO,15492
1342,353,ALLEVIATES,15492
1182,184,SUGGESTS_STRATEGY,15493
1280,336,TRIGGERED_BY,15493
190,336,TRIGGERED_BY,15493
82,32,ALLEVIATES,15499
220,220,REFERENCES_INTERVENTION,15503
394,394,SUGGESTS_STRATEGY,15503
782,1255,WORSENED_BY,15504
394,782,TARGETS,15504
1182,782,TARGETS,15504
1255,1182,TREATED_BY,15504
184,184,SUGGESTS_STRATEGY,15505
1280,14,MANAGED_BY,15505
1343,791,RELATED_TO,15506
151,791,RELATED_TO,15506
9,791,TRIGGERED_BY,15506
466,420,TRIGGERED_BY,15507
77,861,TARGETS,15509
92,861,TARGETS,15509
23,861,TARGETS,15509
79,79,SUGGESTS_STRATEGY,15510
387,3,RELATED_TO,15511
911,3,RELATED_TO,15511
38,203,SUGGESTS_STRATEGY,15532
36,14,TREATED_BY,15533
786,19,TARGETS,15536
465,798,WORSENED_BY,15561
3,1164,TRIGGERED_BY,15562
353,1164,TRIGGERED_BY,15562
334,654,TRIGGERED_BY,15589
1344,4,TRIGGERED_BY,15621
1344,336,TRIGGERED_BY,15621
220,70,SUGGESTS_STRATEGY,15621
1346,1345,WORSENED_BY,15622
336,1345,WORSENED_BY,15622
1345,27,RELATED_TO,15622
1347,1345,ALLEVIATES,15622
1345,336,WORSENED_BY,15622
1348,859,RELATED_TO,15623
77,1348,HELPED_BY,15623
158,1348,HELPED_BY,15623
65,1348,ALLEVIATES,15623
92,1348,ALLEVIATES,15623
1349,71,TRIGGERED_BY,15624
652,71,ALLEVIATES,15624
1350,71,MANAGED_BY,15624
62,71,ALLEVIATES,15624
791,1351,TRIGGERED_BY,15625
791,370,TRIGGERED_BY,15625
370,1351,WORSENED_BY,15625
14,370,TARGETS,15625
14,1351,TARGETS,15625
1352,334,TRIGGERED_BY,15626
607,334,WORSENED_BY,15626
1353,334,MANAGED_BY,15626
1354,334,ALLEVIATES,15626
1355,10,TRIGGERED_BY,15627
303,1209,TRIGGERED_BY,15628
475,1209,ALLEVIATES,15628
403,1209,ALLEVIATES,15628
1209,652,WORSENED_BY,15628
65,1209,ALLEVIATES,15628
740,1356,WORSENED_BY,15629
407,1356,WORSENED_BY,15629
220,1356,TARGETS,15629
220,459,SUGGESTS_STRATEGY,15629
459,1356,ALLEVIATES,15629
166,459,RELATED_TO,15629
10,1357,WORSENED_BY,15630
97,1357,ALLEVIATES,15630
315,1357,ALLEVIATES,15630
334,4,RELATED_TO,15643
293,52,SUGGESTS_STRATEGY,15643
1116,782,TARGETS,15644
207,782,TARGETS,15644
204,465,TARGETS,15645
607,10,RELATED_TO,15647
607,353,RELATED_TO,15647
131,607,TARGETS,15647
1358,7,RELATED_TO,15648
1358,9,RELATED_TO,15648
1358,10,RELATED_TO,15648
700,13,TRIGGERED_BY,15649
700,353,TRIGGERED_BY,15649
14,386,TARGETS,15655
1359,32,RELATED_TO,15694
359,361,TARGETS,15711
337,361,HELPED_BY,15711
92,361,HELPED_BY,15711
10,1360,RELATED_TO,15731
14,1360,TARGETS,15731
23,910,RELATED_TO,15732
267,13,WORSENED_BY,15733
910,103,ALLEVIATES,15735
320,1361,RELATED_TO,15736
1202,320,TRIGGERED_BY,15736
79,1361,HELPED_BY,15736
120,1202,ALLEVIATES,15736
1362,1202,TRIGGERED_BY,15736
97,1363,TARGETS,15737
9,1363,TRIGGERED_BY,15737
10,1363,TRIGGERED_BY,15737
1364,1363,TRIGGERED_BY,15737
97,1364,TARGETS,15737
85,1365,RELATED_TO,15738
1366,85,RELATED_TO,15738
1362,1366,TRIGGERED_BY,15738
79,1365,HELPED_BY,15738
61,1365,MANAGED_BY,15738
97,1365,TARGETS,15738
393,1367,RELATED_TO,15739
97,393,SUGGESTS_STRATEGY,15739
786,393,HELPED_BY,15739
166,393,HELPED_BY,15739
336,158,HELPED_BY,15791
465,499,TRIGGERED_BY,15811
9,499,TRIGGERED_BY,15811
77,499,SUGGESTS_STRATEGY,15811
82,334,ALLEVIATES,15821
1369,334,TARGETS,15821
79,1368,TARGETS,15821
65,607,ALLEVIATES,15822
97,472,ALLEVIATES,15823
1370,334,ALLEVIATES,15823
1370,472,ALLEVIATES,15823
1371,10,ALLEVIATES,15824
357,228,ALLEVIATES,15824
77,1372,ALLEVIATES,15825
255,1372,ALLEVIATES,15825
14,1372,ALLEVIATES,15825
786,48,ALLEVIATES,15826
418,303,WORSENED_BY,15828
1370,336,ALLEVIATES,15829
499,10,WORSENED_BY,15843
499,353,RELATED_TO,15843
499,8,TREATED_BY,15843
472,336,RELATED_TO,15852
65,805,HELPED_BY,15853
322,1373,TRIGGERED_BY,15855
9,1373,TRIGGERED_BY,15855
52,1373,TARGETS,15855
14,1373,REFERENCES_INTERVENTION,15855
52,1298,MANAGED_BY,15856
32,1298,RELATED_TO,15856
20,407,TRIGGERED_BY,15858
52,407,HELPED_BY,15858
303,322,TRIGGERED_BY,15859
77,322,ALLEVIATES,15859
496,32,RELATED_TO,15872
92,496,HELPS_WITH,15872
8,496,TARGETS,15872
9,1374,TRIGGERED_BY,15873
10,1374,TRIGGERED_BY,15873
9,1375,TRIGGERED_BY,15873
10,1375,TRIGGERED_BY,15873
57,1376,TRIGGERED_BY,15874
59,1376,TRIGGERED_BY,15874
92,57,ALLEVIATES,15874
23,57,ALLEVIATES,15874
14,57,TARGETS,15874
196,1377,TRIGGERED_BY,15875
196,1269,TRIGGERED_BY,15875
72,81,TRIGGERED_BY,15878
9,81,TRIGGERED_BY,15878
1378,1215,RELATED_TO,15879
687,1215,RELATED_TO,15879
786,1378,HELPS_WITH,15879
786,687,HELPS_WITH,15879
77,1378,HELPS_WITH,15879
77,687,HELPS_WITH,15879
1379,1378,ALLEVIATES,15879
1379,687,ALLEVIATES,15879
72,1380,TRIGGERED_BY,15880
72,913,TRIGGERED_BY,15880
1380,336,RELATED_TO,15880
47,1297,RELATED_TO,15902
8,1297,TARGETS,15902
204,336,TARGETS,15902
1229,385,TRIGGERED_BY,15903
47,1229,RELATED_TO,15903
131,47,TARGETS,15903
8,1229,SUGGESTS_STRATEGY,15903
131,1229,SUGGESTS_STRATEGY,15903
1381,32,TRIGGERED_BY,15904
207,1381,TARGETS,15904
8,1381,TARGETS,15904
10,1381,RELATED_TO,15904
1151,1381,RELATED_TO,15904
1382,334,TRIGGERED_BY,15905
10,1382,RELATED_TO,15905
1383,1382,RELATED_TO,15905
97,1382,TARGETS,15905
184,1382,HELPED_BY,15905
103,420,TRIGGERED_BY,15906
4,420,TRIGGERED_BY,15906
48,1382,RELATED_TO,15907
66,1382,HELPED_BY,15907
65,1382,HELPED_BY,15907
23,1151,ALLEVIATES,15908
1229,336,RELATED_TO,15909
1229,124,TRIGGERED_BY,15909
184,1229,HELPED_BY,15909
786,1229,HELPED_BY,15909
1384,336,RELATED_TO,15910
184,1384,HELPED_BY,15910
66,1384,HELPED_BY,15910
115,1384,HELPED_BY,15910
14,1384,SUGGESTS_STRATEGY,15910
418,23,HELPED_BY,15931
418,359,TREATED_BY,15931
418,3,WORSENED_BY,15938
447,9,HELPED_BY,15963
1169,782,TARGETS,15964
1169,1123,TARGETS,15964
1182,1123,TARGETS,15964
8,1123,TARGETS,15964
1020,782,TRIGGERED_BY,15964
783,1229,RELATED_TO,15967
255,420,HELPED_BY,15968
14,1328,TARGETS,15969
66,1328,HELPED_BY,15969
255,798,HELPED_BY,15970
77,407,HELPED_BY,15972
77,782,HELPED_BY,15972
797,97,TREATED_BY,16011
797,14,TREATED_BY,16011
429,14,TREATED_BY,16013
824,429,RELATED_TO,16014
429,1385,REFERENCES_INTERVENTION,16014
429,255,HELPED_BY,16017
429,1386,HELPED_BY,16017
429,158,HELPED_BY,16017
824,14,TREATED_BY,16017
797,1387,TREATED_BY,16020
797,1159,TREATED_BY,16020
797,1386,TREATED_BY,16020
